,class,text,word_count,question_mark,exclamation_mark,start_digit,start_question,longest_word_len,avg_word_len,ratio_stopwords
0,0,"['ray', 'wilkins', 'chelsea', 'mr', 'nice', 'guy', 'hide', 'hurt', 'richard', 'williams']",0.3125,0.0,0.0,0.0,0.0,0.3333333333333333,0.31215753177093114,0.12498281314450709
1,0,"['snow', 'uk', 'close', 'notice']",0.15625,0.0,0.0,0.0,0.0,0.26666666666666666,0.2633336706811051,0.5893029011412072
2,0,"['sir', 'paul', 'mccartney', 'play', '300', 'fan', 'intimate', 'gig']",0.25,0.0,0.0,0.0,0.0,0.39999999999999997,0.22409530556479235,0.2749896878867043
3,0,"['kosovo', 'organ', 'donor', 'ring', 'israeli', 'connection']",0.15625,0.0,0.0,0.0,0.0,0.4666666666666666,0.42857142857142844,0.1964801319950502
4,0,"['jessica', 'ennis', 'warm', 'sports', 'personality', 'competition']",0.1875,0.0,0.0,0.0,0.0,0.5333333333333332,0.5060216577269505,0.34373710985838035
5,0,"['product', 'placement', 'allow', 'british', 'television']",0.1875,0.0,0.0,0.0,0.0,0.4666666666666666,0.43373284948024343,0.5156056647875705
6,0,"['lloyds', 'banking', 'group', 'admit', 'loss', 'irish', 'loan']",0.25,0.0,0.0,0.0,0.0,0.26666666666666666,0.2963841138114996,0.2749896878867043
7,0,"['us', 'embassy', 'cable', 'china', 'indifferent', 'bashir', 'prosecution']",0.1875,0.0,0.0,0.0,0.0,0.5333333333333332,0.5240938597886273,0.17186855492919018
8,0,"['temporary', 'win', 'tax', 'obama', 'michael', 'tomasky']",0.25,0.0,0.0,0.0,0.0,0.39999999999999997,0.2449723133864415,0.45827031486319264
9,0,"['iraqi', 'christians', 'flee', 'baghdad', 'cathedral', 'massacre']",0.15625,0.0,0.0,0.0,0.0,0.4666666666666666,0.5937947287001026,0.1964801319950502
10,0,"['minister', 'join', 'arm', 'firm', 'behind', 'mod', 'overspend']",0.21875,0.0,0.0,0.0,0.0,0.39999999999999997,0.4377521072187603,0.0
11,0,"['michael', 'gove', 'backtrack', 'school', 'sport', 'funding']",0.15625,0.0,0.0,0.0,0.0,0.4666666666666666,0.4905373950005059,0.1964801319950502
12,0,"['carine', 'roitfeld', 'resign', 'french', 'vogue']",0.125,0.0,0.0,0.0,0.0,0.3333333333333333,0.46987725360359694,0.229203904853568
13,0,"['praise', 'carine', 'roitfeld']",0.09375,0.0,0.0,0.0,0.0,0.3333333333333333,0.2963841138114996,0.5499793757734086
14,0,"['fsa', 'banking', 'code', 'cover', 'many', 'city', 'bonus']",0.21875,0.0,0.0,0.0,0.0,0.26666666666666666,0.26104934434050914,0.3055135432421285
15,0,"['student', 'con', 'way', 'harvard', 'say', 'sorry']",0.21875,0.0,0.0,0.0,0.0,0.26666666666666666,0.27711191753292747,0.45827031486319264
16,0,"['video', 'julian', 'assange', 'successful', 'smear']",0.25,0.0,0.0,0.0,0.0,0.4666666666666666,0.31084187546084113,0.6874742197167607
17,0,"['dodgy', 'dealing', 'tough', 'year', 'whistleblower', 'ben', 'goldacre']",0.25,0.0,0.0,0.0,1.0,0.7333333333333334,0.4377521072187603,0.3055135432421285
18,0,"['madoff', 'friend', 'estate', 'agree', 'repay', 'ponzi', 'fraud', 'settlement']",0.28125,0.0,0.0,0.0,0.0,0.4666666666666666,0.3647259531279367,0.24996562628901417
19,0,"['wikileaks', 'cable', 'dalai', 'lama', 'right', 'put', 'climate', 'change', 'first', 'isabel', 'hilton']",0.40625,0.0,0.0,0.0,0.0,0.39999999999999997,0.3149767952925528,0.2946514505706036
20,0,"['squad', 'sheet', 'wigan', 'athletic', 'v', 'aston', 'villa']",0.15625,0.0,0.0,0.0,0.0,0.3333333333333333,0.32529963711018256,0.0
21,0,"['wikileaks', 'cable', 'india', 'revelation', 'spark', 'political', 'row']",0.15625,0.0,0.0,0.0,0.0,0.5333333333333332,0.5937947287001026,0.0
22,0,"['carine', 'roitfeld', 'step', 'editor', 'french', 'vogue', '10', 'year']",0.3125,0.0,0.0,0.0,0.0,0.3333333333333333,0.27711191753292747,0.45827031486319264
23,0,"['barack', 'obama', 'stoke', 'liberal', 'fury', 'tax', 'cut', 'push', 'congress']",0.28125,0.0,0.0,0.0,0.0,0.3333333333333333,0.3647259531279367,0.24996562628901417
24,0,"['giant', 'windfarms', 'lift', 'hope', 'could', 'east', 'coast', 'miss', 'boat']",0.375,1.0,0.0,0.0,0.0,0.39999999999999997,0.23235068746656634,0.3928227691461571
25,0,"['woman', 'jail', 'retracted', 'rape', 'allegation', 'challenge', 'conviction']",0.21875,0.0,0.0,0.0,0.0,0.5333333333333332,0.5662671505197563,0.3055135432421285
26,0,"['winter', 'weather', 'uk']",0.09375,0.0,0.0,0.0,0.0,0.26666666666666666,0.18072202061676806,0.5499793757734086
27,0,"['winston', 'churchill', 'versus', 'foreign', 'extremist', 'except', 'jeremy', 'gavron']",0.375,0.0,1.0,0.0,0.0,0.4666666666666666,0.4142727023002298,0.4230716348136945
28,0,"['sleep', 'deprivation', 'help', 'prevent', 'stress', 'disorder', 'ptsd', 'mo', 'costandi']",0.3125,1.0,0.0,0.0,0.0,0.6666666666666667,0.5355877802998539,0.12498281314450709
29,0,"['snowbound', 'warm', 'darren']",0.15625,1.0,1.0,0.0,0.0,0.39999999999999997,0.24268798704584554,0.7856455382923142
30,0,"['un', 'accuse', 'risk', 'woman', 'child', 'health']",0.1875,0.0,0.0,0.0,0.0,0.39999999999999997,0.34337183917185937,0.34373710985838035
31,0,"['q', 'ireland', 'position', 'abortion', 'follow', 'human', 'right', 'ruling']",0.21875,0.0,0.0,0.0,0.0,0.39999999999999997,0.46987725360359694,0.15275677162106424
32,0,"['barcelona', 'provide', 'arsenal', 'opportunity', 'realise', 'potential', 'kevin', 'mccarra']",0.3125,0.0,0.0,0.0,0.0,0.5333333333333332,0.5618864487400059,0.3749484394335213
33,0,"['barcelona', 'pep', 'guardiola', 'arsenal', 'champions', 'league']",0.21875,0.0,0.0,0.0,0.0,0.4666666666666666,0.5341275463732704,0.3055135432421285
34,0,"['snow', 'ice', 'bring', 'travel', 'chaos', 'uk']",0.1875,0.0,0.0,0.0,0.0,0.2,0.14457761649341444,0.34373710985838035
35,0,"['brussels', 'demand', 'answer', 'italy', 'new', 'concert', 'hall', 'stay', 'silent']",0.28125,0.0,0.0,0.0,0.0,0.3333333333333333,0.3647259531279367,0.12498281314450709
36,0,"['squad', 'sheet', 'west', 'bromwich', 'albion', 'v', 'wolverhampton', 'wanderers']",0.1875,0.0,0.0,0.0,0.0,0.6666666666666667,0.5421660618503041,0.0
37,0,"['champion', 'trainer', 'paul', 'nicholls', 'yard', 'snow', 'big', 'freeze', 'bite']",0.28125,0.0,0.0,0.0,0.0,0.3333333333333333,0.32529963711018256,0.24996562628901417
38,0,"['signing', 'holiday', 'designer', 'talent']",0.1875,0.0,0.0,0.0,0.0,0.3333333333333333,0.3614440412335362,0.6874742197167607
39,0,"['ellis', 'watson', 'quit', 'simon', 'cowell', 'firm']",0.125,0.0,0.0,0.0,0.0,0.2,0.3494007257796347,0.0
40,0,"['esquire', 'magazine', 'appoints', 'gq', 'alex', 'bilmes', 'editor']",0.1875,0.0,0.0,0.0,0.0,0.3333333333333333,0.3975884453568898,0.17186855492919018
41,0,"['squad', 'sheet', 'blackburn', 'rovers', 'v', 'west', 'ham', 'united']",0.1875,0.0,0.0,0.0,0.0,0.39999999999999997,0.32529963711018256,0.0
42,0,"['vatican', 'try', 'protect', 'paedophile', 'priest', 'dublin', 'abuse', 'report', 'show']",0.25,0.0,0.0,0.0,0.0,0.4666666666666666,0.45541949195425563,0.13749484394335215
43,0,"['lady', 'gaga', 'review']",0.0625,0.0,0.0,0.0,0.0,0.2,0.14457761649341444,0.0
44,0,"['hammers', 'spurs', 'ground', 'share', 'anyone']",0.125,1.0,0.0,0.0,0.0,0.26666666666666666,0.37348735668743765,0.229203904853568
45,0,"['heat', 'magazine', 'sam', 'delaney', 'resign', 'editor']",0.15625,0.0,0.0,0.0,0.0,0.39999999999999997,0.38726560353926004,0.1964801319950502
46,0,"['strictly', 'come', 'dancing', 'final', 'kara', 'tointon', 'artem', 'chigvintsev']",0.21875,0.0,0.0,0.0,0.0,0.5333333333333332,0.46987725360359694,0.15275677162106424
47,0,"['cuts', 'already', 'way', 'life', 'birmingham', 'city', 'council', 'andrew', 'watt']",0.375,0.0,0.0,0.0,0.0,0.4666666666666666,0.24744459062847884,0.4230716348136945
48,0,"['prisoners', 'get', 'right', 'vote', 'serve', 'less', 'four', 'year']",0.40625,0.0,0.0,0.0,0.0,0.39999999999999997,0.17107869359665734,0.5499793757734086
49,0,"['france', 'threaten', 'ivory', 'coast', 'leader', 'international', 'sanction']",0.1875,0.0,0.0,0.0,0.0,0.6666666666666667,0.6325270721586882,0.17186855492919018
50,0,"['strictly', 'come', 'dancing', 'final', 'matt', 'baker', 'aliona', 'vilani']",0.21875,0.0,0.0,0.0,0.0,0.3333333333333333,0.37348735668743765,0.15275677162106424
51,0,"['christmas', 'card', 'politician', 'past', 'present']",0.15625,0.0,0.0,0.0,0.0,0.5333333333333332,0.4905373950005059,0.3928227691461571
52,0,"['strictly', 'come', 'dancing', 'final', 'pamela', 'stephenson', 'connolly', 'james', 'jordan']",0.25,0.0,0.0,0.0,0.0,0.4666666666666666,0.4987927769022799,0.13749484394335215
53,0,"['murderer', 'mother', 'two', 'young', 'girl', '28', 'year', 'ago', 'jail', 'life']",0.375,0.0,0.0,0.0,0.0,0.3333333333333333,0.19104486243439783,0.3928227691461571
54,0,"['autonomy', 'jump', '5', 'bid', 'talk', 'us', 'result', 'ftse', 'falter', 'irish', 'woe']",0.4375,0.0,0.0,0.0,0.0,0.3333333333333333,0.2168664247401217,0.42967138732297544
55,0,"['freeze', 'eu', 'budget', 'say', 'cameron']",0.09375,0.0,0.0,0.0,0.0,0.26666666666666666,0.32529963711018256,0.0
56,0,"['right', 'word', 'repeal', 'healthcare', 'die', 'sadhbh', 'walshe']",0.25,0.0,0.0,0.0,0.0,0.4666666666666666,0.32529963711018256,0.3055135432421285
57,0,"['music', 'weekly', 'podcast', 'saint', 'etienne', 'bob', 'stanley', 'christmas', 'special']",0.28125,0.0,0.0,0.0,0.0,0.39999999999999997,0.4173088322465915,0.24996562628901417
58,0,"['bnp', 'equality', 'group', 'claim', 'victory', 'legal', 'wrangle']",0.25,0.0,0.0,0.0,0.0,0.3333333333333333,0.31084187546084113,0.4124845318300564
59,0,"['flickr', 'staff', 'among', 'job', 'cut', 'amid', 'yahoo', 'bloodletting', 'future']",0.3125,1.0,0.0,0.0,0.0,0.6000000000000001,0.3132563216562811,0.34373710985838035
60,0,"['today', 'mystery', 'bird', 'identify']",0.15625,0.0,0.0,0.0,0.0,0.3333333333333333,0.28399381207801394,0.5893029011412072
61,0,"['martin', 'scorsese', 'robert', 'de', 'niro', 'gang', 'new', 'mafia', 'film']",0.3125,0.0,0.0,0.0,0.0,0.3333333333333333,0.20482310928622022,0.34373710985838035
62,0,"['squad', 'sheet', 'blackpool', 'v', 'tottenham', 'hotspur']",0.125,0.0,0.0,0.0,0.0,0.39999999999999997,0.4939783422730491,0.0
63,0,"['squad', 'sheet', 'sunderland', 'v', 'bolton', 'wanderers']",0.125,0.0,0.0,0.0,0.0,0.4666666666666666,0.4939783422730491,0.0
64,0,"['autumn', 'colour', 'competition', 'winner']",0.0625,0.0,0.0,0.0,0.0,0.5333333333333332,0.6867436783437186,0.0
65,0,"['q', 'best', 'bits', 'get', 'social', 'enterprise', 'ready', 'investment']",0.3125,0.0,0.0,0.0,0.0,0.4666666666666666,0.27711191753292747,0.45827031486319264
66,0,"['snow', 'hit', 'fan', 'get', 'real', 'stay', 'home', 'lionel', 'shriver']",0.375,0.0,0.0,0.0,1.0,0.26666666666666666,0.18072202061676806,0.4230716348136945
67,0,"['david', 'cameron', 'mock', 'parliamentary', 'expense', 'body', 'four', 'letter', 'word']",0.28125,0.0,0.0,0.0,0.0,0.6666666666666667,0.377868058467188,0.24996562628901417
68,0,"['squad', 'sheet', 'manchester', 'city', 'v', 'everton']",0.125,0.0,0.0,0.0,0.0,0.4666666666666666,0.3975884453568898,0.0
69,0,"['oft', 'investigate', 'regional', 'variation', 'heat', 'oil', 'price']",0.21875,0.0,0.0,0.0,0.0,0.5333333333333332,0.4377521072187603,0.3055135432421285
70,0,"['squad', 'sheet', 'liverpool', 'v', 'fulham']",0.09375,0.0,0.0,0.0,0.0,0.39999999999999997,0.3831306837075484,0.0
71,0,"['astrazeneca', 'blockbuster', 'brilinta', 'fail', 'win', 'fda', 'approval']",0.1875,0.0,0.0,0.0,0.0,0.5333333333333332,0.5240938597886273,0.17186855492919018
72,0,"['cia', 'chief', 'pakistan', 'leaf', 'drone', 'trial', 'blow', 'cover']",0.28125,0.0,0.0,0.0,0.0,0.3333333333333333,0.2858733210924283,0.3749484394335213
73,0,"['magnus', 'carlsen', 'london', 'classic', 'conceal', 'slump', 'form']",0.21875,0.0,0.0,0.0,0.0,0.3333333333333333,0.3397573987595239,0.4124845318300564
74,0,"['gown', 'unexpected', 'hit', 'christmas', 'party', 'season']",0.28125,0.0,0.0,0.0,0.0,0.4666666666666666,0.377868058467188,0.49993125257802834
75,0,"['film', 'critic', 'roger', 'ebert', 'return', 'us', 'tv']",0.21875,0.0,0.0,0.0,0.0,0.2,0.1485968742319314,0.3055135432421285
76,0,"['new', 'band', 'day', '933', 'braids']",0.21875,0.0,0.0,0.0,0.0,0.2,0.03614440412335357,0.45827031486319264
77,0,"['doctors', 'warn', 'flu', 'crisis']",0.09375,0.0,0.0,0.0,1.0,0.26666666666666666,0.23855306721413388,0.2749896878867043
78,0,"['birmingham', 'cut', 'art', 'fund', 'audience', 'make', 'difference']",0.25,1.0,0.0,0.0,0.0,0.4666666666666666,0.4120462070062311,0.4124845318300564
79,0,"['david', 'cameron', 'play', 'prospect', 'conservative', 'byelection', 'win']",0.21875,0.0,0.0,0.0,0.0,0.6000000000000001,0.5020023999884338,0.3055135432421285
80,0,"['rental', 'boom', 'drive', 'demand', 'let', 'investment']",0.21875,0.0,0.0,0.0,0.0,0.5333333333333332,0.3413622103026009,0.3055135432421285
81,0,"['gray', 'become', 'new', 'defence', 'procurement', 'chief']",0.125,0.0,0.0,0.0,0.0,0.5333333333333332,0.4939783422730491,0.0
82,0,"['detroit', 'mayor', 'plan', 'shrink', 'city', 'cut', 'service', 'area']",0.3125,0.0,0.0,0.0,0.0,0.3333333333333333,0.28915523298682894,0.45827031486319264
83,0,"['france', 'ski', 'resort', 'courchevel', 'host', 'ukraine', 'magnate', 'birthday', 'party']",0.28125,0.0,0.0,0.0,0.0,0.4666666666666666,0.40416672690734007,0.12498281314450709
84,0,"['video', 'catfish', 'film', 'victim', 'villain']",0.25,0.0,0.0,0.0,0.0,0.26666666666666666,0.27711191753292747,0.45827031486319264
85,0,"['foi', 'request', 'reveals', 'google', 'delete', 'uk', 'street', 'view', 'data']",0.375,0.0,0.0,0.0,0.0,0.26666666666666666,0.23235068746656634,0.49099408772171044
86,0,"['plan', 'network', 'coastguard']",0.0625,0.0,0.0,0.0,0.0,0.5333333333333332,0.46987725360359694,0.34373710985838035
87,0,"['wo', 'graham', 'taylor', 'eat', 'turkey', 'christmas', 'year']",0.3125,1.0,0.0,0.0,0.0,0.39999999999999997,0.2650541443173768,0.5729410147119484
88,0,"['buy', 'day']",0.0625,0.0,0.0,0.0,0.0,0.0,0.0,0.6874742197167607
89,0,"['strictly', 'come', 'dancing', 'step', 'xxx', 'factor', 'final']",0.25,0.0,0.0,0.0,0.0,0.3333333333333333,0.26746859051281674,0.4124845318300564
90,0,"['seasonal', 'joy', 'david', 'cameron', 'nick', 'clegg', 'ed', 'miliband', 'reveal', 'christmas', 'card', 'paul', 'owen']",0.46875,0.0,0.0,0.0,0.0,0.39999999999999997,0.32529963711018256,0.25780283239378526
91,0,"['ireland', 'downgrade', 'reignites', 'debate', 'credit', 'rating', 'agency']",0.1875,0.0,0.0,0.0,0.0,0.39999999999999997,0.5783104659736578,0.17186855492919018
92,0,"['tracy', 'corrigan', 'appoint', 'editor', 'wall', 'street', 'journal', 'europe']",0.21875,0.0,0.0,0.0,0.0,0.39999999999999997,0.4538146804111786,0.15275677162106424
93,0,"['immigration', 'cap', 'overturn', 'high', 'court', 'judge']",0.15625,0.0,0.0,0.0,0.0,0.5333333333333332,0.4492171122066881,0.1964801319950502
94,0,"['audio', 'advent', 'calendar', 'tricky', 'playlist']",0.09375,0.0,0.0,0.0,0.0,0.3333333333333333,0.5566238234996457,0.0
95,0,"['signing', 'holiday', 'community', 'spirit', 'keep', 'vulnerable', 'safe', 'cold', 'snap']",0.34375,0.0,0.0,0.0,0.0,0.4666666666666666,0.3475356745268698,0.4230716348136945
96,0,"['sir', 'alex', 'ferguson', 'remind', 'u', 'importance', 'good', 'manager', 'david', 'lacey']",0.40625,0.0,0.0,0.0,0.0,0.4666666666666666,0.2530108288634753,0.3928227691461571
97,0,"['wikileaks', 'israel', 'shamir', 'andrew', 'brown']",0.15625,0.0,0.0,0.0,0.0,0.39999999999999997,0.4457761649341449,0.229203904853568
98,0,"['squad', 'sheet', 'chelsea', 'v', 'manchester', 'united']",0.125,0.0,0.0,0.0,0.0,0.4666666666666666,0.4457761649341449,0.0
99,0,"['shelterbox', 'spring', 'action', 'whenever', 'people', 'displace']",0.1875,0.0,0.0,0.0,0.0,0.4666666666666666,0.5963826680353346,0.34373710985838035
100,0,"['shelterbox', 'respond', 'indonesia']",0.0625,0.0,0.0,0.0,0.0,0.4666666666666666,0.650599274220365,0.34373710985838035
101,0,"['fiver', 'kerry', 'katona', 'toilet', 'seat', 'sepp', 'blatter', 'new', 'peter', 'tatchell', 'sean', 'ingle', 'jacob', 'steinberg']",0.5625,0.0,0.0,0.0,0.0,0.39999999999999997,0.3172611216331486,0.3055135432421285
102,0,"['see', 'lyn', 'gardner', 'theatre', 'tip']",0.15625,0.0,0.0,0.0,1.0,0.3333333333333333,0.24268798704584554,0.3928227691461571
103,0,"['madagascar', 'oil', 'suspend', 'share', 'trading']",0.09375,0.0,0.0,0.0,0.0,0.4666666666666666,0.5566238234996457,0.0
104,0,"['adolf', 'hitler', 'lose', 'honorary', 'citizenship', 'german', 'town']",0.1875,0.0,0.0,0.0,0.0,0.5333333333333332,0.45180505154192024,0.17186855492919018
105,0,"['james', 'pattinson', 'brother', 'england', 'reject', 'darren', 'australia', 'squad']",0.25,0.0,0.0,0.0,0.0,0.39999999999999997,0.4409617303049141,0.2749896878867043
106,0,"['video', 'strictly', 'come', 'dancing', 'final', 'preview']",0.125,0.0,0.0,0.0,0.0,0.3333333333333333,0.46987725360359694,0.0
107,0,"['cabinet', 'office', 'claim', 'major', 'saving', 'ict']",0.15625,0.0,0.0,0.0,0.0,0.26666666666666666,0.38726560353926004,0.1964801319950502
108,0,"['strictly', 'come', 'dancing', 'final', 'threesome']",0.15625,0.0,0.0,0.0,0.0,0.39999999999999997,0.3459597785070914,0.1964801319950502
109,0,"['arab', 'government', 'try', 'silence', 'wikileaks']",0.15625,0.0,0.0,0.0,1.0,0.5333333333333332,0.4492171122066881,0.3928227691461571
110,0,"['fscs', 'saving', 'safety', 'net', 'raise']",0.15625,0.0,0.0,0.0,0.0,0.26666666666666666,0.28399381207801394,0.1964801319950502
111,0,"['enrique', 'morente', 'obituary']",0.03125,0.0,0.0,0.0,0.0,0.3333333333333333,0.6626425896742665,0.0
112,0,"['government', 'accuse', 'scale', 'back', 'ambulance', 'service']",0.21875,0.0,0.0,0.0,0.0,0.4666666666666666,0.5180649731808522,0.3055135432421285
113,0,"['teacher', 'charge', 'molest', 'two', 'schoolgirl']",0.125,0.0,0.0,0.0,0.0,0.5333333333333332,0.5903537814275592,0.229203904853568
114,0,"['arsenal', 'match', 'barcelona', 'time', 'say', 'arsène', 'wenger']",0.3125,0.0,0.0,0.0,0.0,0.39999999999999997,0.2650541443173768,0.5729410147119484
115,0,"['merry', 'christmas']",0.09375,0.0,0.0,0.0,0.0,0.5333333333333332,0.4409617303049141,0.5499793757734086
116,0,"['localism', 'bill', 'mean', 'social', 'enterprise']",0.1875,0.0,0.0,0.0,0.0,0.5333333333333332,0.379516243295213,0.5156056647875705
117,0,"['squad', 'sheet', 'birmingham', 'city', 'v', 'newcastle', 'united']",0.15625,0.0,0.0,0.0,0.0,0.4666666666666666,0.4492171122066881,0.0
118,0,"['uk', 'uncut', 'tomorrow', 'day', 'open', 'thread']",0.21875,0.0,0.0,0.0,0.0,0.3333333333333333,0.19879422267844488,0.17186855492919018
119,0,"['video', 'bnp', 'leader', 'nick', 'griffin', 'avoids', 'legal', 'penalty']",0.1875,0.0,0.0,0.0,0.0,0.39999999999999997,0.4156606474185666,0.0
120,0,"['annotated', 'solution', 'prize']",0.09375,0.0,0.0,0.0,0.0,0.39999999999999997,0.4987927769022799,0.2749896878867043
121,0,"['andy', 'burnham', 'labour', 'move', 'one', 'member', 'one', 'vote', 'elect', 'leader']",0.34375,0.0,0.0,0.0,0.0,0.3333333333333333,0.30306359969349533,0.31733809982125677
122,0,"['bestselling', 'green', 'book', 'decade', 'part', 'two', 'damian', 'carrington']",0.28125,0.0,0.0,0.0,0.0,0.5333333333333332,0.3975884453568898,0.2749896878867043
123,0,"['weather', 'put', 'heineken', 'cup', 'game', 'risk', 'snow', 'fall', 'across', 'britain']",0.3125,0.0,0.0,0.0,0.0,0.3333333333333333,0.28915523298682894,0.229203904853568
124,0,"['viral', 'marketing', 'film', 'fan', 'catch', 'bug']",0.21875,0.0,0.0,0.0,0.0,0.39999999999999997,0.26104934434050914,0.45827031486319264
125,0,"['tweet', 'revenge', 'italians', 'bombard', 'eu', 'summit', 'wall', 'silvio', 'berlusconi', 'insult']",0.28125,0.0,0.0,0.0,0.0,0.4666666666666666,0.46987725360359694,0.12498281314450709
126,0,"['24', 'hour', 'picture']",0.0625,0.0,0.0,1.0,0.0,0.3333333333333333,0.2168664247401217,0.34373710985838035
127,0,"['want', 'talk']",0.15625,1.0,0.0,0.0,1.0,0.1333333333333333,0.09811037055243099,0.9821256702873644
128,0,"['uk', 'ad', 'spend', 'since', '2006']",0.125,0.0,0.0,0.0,0.0,0.26666666666666666,0.20482310928622022,0.0
129,0,"['wikileaks', 'lesson', 'haiti', 'mark', 'weisbrot']",0.15625,0.0,0.0,0.0,0.0,0.39999999999999997,0.42168953402634185,0.229203904853568
130,0,"['let', 'reject', 'european', 'arrest', 'warrant', 'make', 'work', 'cian', 'murphy']",0.46875,0.0,0.0,0.0,0.0,0.3333333333333333,0.18975812164760647,0.5156056647875705
131,0,"['quite', 'black', 'white', 'truth', 'city', 'law', 'firm', 'diversity']",0.34375,0.0,0.0,0.0,0.0,0.39999999999999997,0.24744459062847884,0.5288051698061323
132,0,"['business', 'quiz', '2010', 'part', 'five', 'picture']",0.15625,0.0,0.0,0.0,0.0,0.3333333333333333,0.3046394957132736,0.1964801319950502
133,0,"['tax', 'protester', 'target', 'vodafone', 'top', 'shop']",0.1875,0.0,0.0,0.0,0.0,0.4666666666666666,0.30722743504850575,0.34373710985838035
134,0,"['ashes', '2010', 'day', 'series', 'come', 'back', 'life']",0.28125,0.0,0.0,0.0,0.0,0.2,0.14129570459901392,0.49993125257802834
135,0,"['nicholas', 'owen', 'host', 'classic', 'fm', 'show']",0.15625,0.0,0.0,0.0,0.0,0.3333333333333333,0.24268798704584554,0.1964801319950502
136,0,"['ashes', '2010', 'mitchell', 'johnson', 'spell', 'turn', 'series', 'head']",0.28125,0.0,0.0,0.0,0.0,0.3333333333333333,0.29901542643167983,0.3749484394335213
137,0,"['europe', 'snow']",0.03125,0.0,0.0,0.0,0.0,0.2,0.32529963711018256,0.45827031486319264
138,0,"['friday', 'quiz', 'good', 'watch', 'michael', 'tomasky']",0.21875,0.0,0.0,0.0,0.0,0.26666666666666666,0.34337183917185937,0.34373710985838035
139,0,"['video', 'tomasky', 'talk', 'seasonal', 'spirit', 'short', 'supply', 'capitol', 'hill']",0.34375,0.0,0.0,0.0,0.0,0.3333333333333333,0.3132563216562811,0.34373710985838035
140,0,"['turning', 'camera']",0.09375,0.0,0.0,0.0,0.0,0.26666666666666666,0.2963841138114996,0.8249690636601128
141,0,"['favourite', 'tv', 'advert', '2010']",0.1875,1.0,0.0,0.0,1.0,0.39999999999999997,0.2168664247401217,0.6874742197167607
142,0,"['julian', 'assange', 'wikileaks', 'face', 'aggressive', 'investigation', 'us']",0.21875,0.0,0.0,0.0,0.0,0.6666666666666667,0.5341275463732704,0.3055135432421285
143,0,"['behind', 'music', 'musicians', 'likely', 'suffer', 'depression']",0.3125,1.0,0.0,0.0,0.0,0.4666666666666666,0.33734295256408403,0.6874742197167607
144,0,"['family', 'affair', 'tuilagi', 'brother', 'prepare', 'collision', 'robert', 'kitson']",0.34375,0.0,0.0,0.0,0.0,0.39999999999999997,0.4096317608107913,0.34373710985838035
145,0,"['internet', 'problem', 'abundance', 'choice', 'become', 'issue']",0.28125,0.0,0.0,0.0,0.0,0.39999999999999997,0.32529963711018256,0.6249140657225355
146,0,"['strictly', 'come', 'dancing', 'final', 'step', 'take', 'crown']",0.34375,1.0,0.0,0.0,0.0,0.3333333333333333,0.19184003932511168,0.6345387047985701
147,0,"['benefits', 'help', 'turn', 'life', 'around', 'seaneen', 'molloy']",0.25,0.0,0.0,0.0,0.0,0.3333333333333333,0.32529963711018256,0.3055135432421285
148,0,"['leeds', 'councillor', 'kirkstall', 'play', 'area', 'park', 'ride']",0.25,0.0,0.0,0.0,0.0,0.5333333333333332,0.3831306837075484,0.2749896878867043
149,0,"['europa', 'league', 'draw', 'liverpool', 'manchester', 'city', 'find', 'fate']",0.28125,0.0,0.0,0.0,0.0,0.4666666666666666,0.3647259531279367,0.3749484394335213
150,0,"['school', 'trip', 'worth', 'expense']",0.125,1.0,0.0,0.0,0.0,0.26666666666666666,0.3011985484407304,0.45827031486319264
151,0,"['figure', 'show', 'console', 'finally', 'living', 'room', 'essential']",0.3125,1.0,0.0,0.0,1.0,0.39999999999999997,0.32529963711018256,0.5729410147119484
152,0,"['dickens', 'doré', 'forecast', 'winter', 'discontent']",0.21875,0.0,0.0,0.0,1.0,0.4666666666666666,0.3413622103026009,0.611027086484257
153,0,"['marriage', 'gift', 'gamble', 'edward', 'clare']",0.25,0.0,0.0,0.0,0.0,0.3333333333333333,0.18072202061676806,0.611027086484257
154,0,"['sustainability', 'effort', 'interfaceflor', 'ramon', 'arratia']",0.15625,0.0,0.0,0.0,0.0,0.7333333333333334,0.7590324865904259,0.229203904853568
155,0,"['times', 'sale', 'want', 'benefit']",0.25,0.0,0.0,0.0,0.0,0.3333333333333333,0.16626425896742664,0.8249690636601128
156,0,"['new', 'student', 'hall', 'cowgate', 'wellgate', 'house']",0.1875,0.0,0.0,0.0,0.0,0.3333333333333333,0.34337183917185937,0.34373710985838035
157,0,['christmas'],0.03125,0.0,0.0,0.0,0.0,0.4666666666666666,0.5662671505197563,0.45827031486319264
158,0,"['photo', 'competition', '2010', 'final']",0.15625,0.0,0.0,0.0,0.0,0.5333333333333332,0.36660546214235107,0.5893029011412072
159,0,"['champions', 'league', 'draw', 'unkind', 'arsenal', 'spurs', 'simon', 'burnton']",0.3125,0.0,0.0,0.0,0.0,0.39999999999999997,0.338441742449434,0.3749484394335213
160,0,"['snow', 'ice', 'cause', 'chaos', 'christmas', 'rush', 'hit', 'transport', 'delay']",0.3125,0.0,0.0,0.0,0.0,0.39999999999999997,0.2650541443173768,0.34373710985838035
161,0,"['picture', 'week', 'wildlife']",0.125,0.0,0.0,0.0,0.0,0.3333333333333333,0.2530108288634753,0.6874742197167607
162,0,"['weather', 'hit', 'weekend', 'match', 'snow', 'cause', 'chaos', 'sport']",0.25,0.0,0.0,0.0,0.0,0.26666666666666666,0.32529963711018256,0.2749896878867043
163,0,"['alleged', 'anonymous', 'member', 'deny', 'claim', 'arrest', 'greece']",0.21875,0.0,0.0,0.0,0.0,0.39999999999999997,0.40562696083392363,0.3055135432421285
164,0,"['nfl', 'talkboard', 'week', '15', 'tom', 'lutz']",0.15625,0.0,0.0,0.0,0.0,0.39999999999999997,0.20482310928622022,0.0
165,0,['cribsheet'],0.0,0.0,0.0,0.0,0.0,0.39999999999999997,0.6867436783437186,0.0
166,0,"['interview', 'lessons', 'apprentice']",0.28125,0.0,0.0,0.0,1.0,0.4666666666666666,0.23329044197377352,1.0
167,0,"['mobile', 'phone', 'mast', 'link', 'sharp', 'rise', 'birth', 'matt', 'parker']",0.3125,0.0,0.0,0.0,0.0,0.2,0.272731215753177,0.24996562628901417
168,0,"['bob', 'diamond', 'step', 'barclays', 'three', 'month', 'early']",0.25,0.0,0.0,0.0,0.0,0.3333333333333333,0.23855306721413388,0.4124845318300564
169,0,"['carine', 'roitfeld', 'leave', 'french', 'vogue']",0.125,0.0,0.0,0.0,0.0,0.3333333333333333,0.37348735668743765,0.229203904853568
170,0,"['sleeve', 'notes', 'guardian', 'best', 'album', '2010']",0.28125,0.0,0.0,0.0,0.0,0.39999999999999997,0.22409530556479235,0.5499793757734086
171,0,"['web', 'exclusive', 'celeb', 'list', 'could', 'fit', 'mag']",0.3125,0.0,1.0,0.0,0.0,0.39999999999999997,0.18072202061676806,0.5729410147119484
172,0,"['society', 'daily']",0.03125,0.0,0.0,0.0,0.0,0.26666666666666666,0.46987725360359694,0.0
173,0,"['hearts', 'make', 'spl', 'race', 'last', 'ewan', 'murray']",0.34375,1.0,0.0,0.0,0.0,0.4666666666666666,0.20482310928622022,0.45827031486319264
174,0,"['celebrities', 'aid', 'history', 'engagement']",0.15625,0.0,0.0,0.0,0.0,0.5333333333333332,0.36660546214235107,0.5893029011412072
175,0,"['david', 'moynihan', 'edit', 'digital', 'spy']",0.125,0.0,0.0,0.0,0.0,0.3333333333333333,0.3011985484407304,0.229203904853568
176,0,"['talking', 'horses', 'win', 'william', 'hill', 'ticket', 'king', 'george', 'vi', 'chase']",0.3125,0.0,0.0,0.0,0.0,0.26666666666666666,0.27711191753292747,0.229203904853568
177,0,"['ashes', '2010', 'mitchell', 'johnson', 'vim', 'set', 'collapsometer', 'vic', 'marks']",0.34375,0.0,0.0,0.0,0.0,0.6666666666666667,0.3975884453568898,0.229203904853568
178,0,"['opposition', 'leader', 'criticises', 'council', 'decision', 'making', 'process']",0.15625,0.0,0.0,0.0,0.0,0.4666666666666666,0.7177266615582574,0.0
179,0,"['anonymous', 'wikileaks', 'protest', 'mass', 'demo', 'control', 'richard', 'stallman']",0.34375,0.0,0.0,0.0,0.0,0.39999999999999997,0.4457761649341449,0.45827031486319264
180,0,"['life', 'mars', 'beagle', '2', 'diaries', 'colin', 'pillinger', 'review', 'tim', 'radford']",0.4375,0.0,0.0,0.0,0.0,0.39999999999999997,0.1999942168953402,0.36669874879692016
181,0,"['q', 'become', 'local', 'government', 'consultant']",0.21875,0.0,0.0,0.0,0.0,0.4666666666666666,0.3413622103026009,0.45827031486319264
182,0,"['photo', 'competition', 'december', 'happiness']",0.125,0.0,0.0,0.0,0.0,0.5333333333333332,0.6144548700970114,0.45827031486319264
183,0,"['judge', 'make', 'wrong', 'decision', 'human', 'right', 'michael', 'white']",0.3125,1.0,0.0,0.0,0.0,0.39999999999999997,0.3515838477886853,0.3749484394335213
184,0,"['leaving', 'cancún', 'green', 'race', 'head', 'rio', 'björn', 'stigson']",0.3125,0.0,0.0,0.0,0.0,0.26666666666666666,0.272731215753177,0.3749484394335213
185,0,"['sage', 'slip', 'french', 'group', 'ingenico', 'reveal', 'bid', 'approach']",0.25,0.0,0.0,0.0,0.0,0.3333333333333333,0.31084187546084113,0.2749896878867043
186,0,"['close', 'guardian', 'film', 'news', 'review', 'much', 'much']",0.25,0.0,0.0,0.0,0.0,0.3333333333333333,0.2530108288634753,0.4124845318300564
187,0,"['us', 'embassy', 'cable', 'us', 'assess', 'risk', 'zimbabwe', 'cholera', 'outbreak']",0.25,0.0,0.0,0.0,0.0,0.3333333333333333,0.42650396865557266,0.13749484394335215
188,0,"['forget', 'iran', 'political', 'prisoner', 'saeed', 'kamali', 'dehghan']",0.21875,0.0,0.0,0.0,1.0,0.39999999999999997,0.5240938597886273,0.0
189,0,"['us', 'embassy', 'cable', 'tom', 'cruise', 'scientology', 'trouble', 'hamburg']",0.28125,0.0,0.0,0.0,0.0,0.5333333333333332,0.3647259531279367,0.3749484394335213
190,0,"['us', 'embassy', 'cable', 'us', 'seek', 'bad', 'news', 'cuban', 'healthcare']",0.28125,0.0,0.0,0.0,0.0,0.4666666666666666,0.2858733210924283,0.24996562628901417
191,0,"['scottish', 'nhs', 'face', 'pressure']",0.09375,0.0,0.0,0.0,0.0,0.6666666666666667,0.70120143999306,0.0
192,0,"['keith', 'richards', 'literary', 'life', 'way', 'forward', 'biography']",0.25,0.0,0.0,0.0,0.0,0.39999999999999997,0.36867292205820684,0.4124845318300564
193,0,"['free', 'beer', 'edinburgh', 'war', 'veteran']",0.125,0.0,0.0,0.0,0.0,0.39999999999999997,0.3494007257796347,0.229203904853568
194,0,"['concerns', 'express', 'two', 'planned', 'leeds', 'housing', 'development']",0.1875,0.0,0.0,0.0,0.0,0.6000000000000001,0.5963826680353346,0.17186855492919018
195,0,"['register', 'demonstrate', 'climate', 'myth', 'create', 'peter', 'hadley']",0.28125,0.0,0.0,0.0,0.0,0.6000000000000001,0.45541949195425563,0.4124845318300564
196,0,"['loan', 'shark', 'warn', 'financially', 'struggle', 'family']",0.15625,0.0,0.0,0.0,0.0,0.5333333333333332,0.6144548700970114,0.1964801319950502
197,0,"['wikileaks', 'cable', 'ask', 'search']",0.125,0.0,0.0,0.0,0.0,0.39999999999999997,0.3011985484407304,0.45827031486319264
198,0,"['big', 'issue', 'annie', 'lennox', 'get', 'festive']",0.1875,0.0,0.0,0.0,0.0,0.26666666666666666,0.2710830309251521,0.34373710985838035
199,0,"['eu', 'outline', 'new', 'plan']",0.09375,0.0,0.0,0.0,0.0,0.5333333333333332,0.4409617303049141,0.0
200,0,"['family', 'podcast', 'older', 'mum']",0.09375,0.0,0.0,0.0,0.0,0.26666666666666666,0.32529963711018256,0.2749896878867043
201,0,"['aib', 'staff', 'plan', 'court', 'action', 'reclaim', 'bonus']",0.1875,0.0,0.0,0.0,0.0,0.26666666666666666,0.30722743504850575,0.17186855492919018
202,0,"['fallout', 'new', 'vegas', 'money', 'trailer', 'question', 'dev', 'team']",0.375,0.0,1.0,0.0,0.0,0.39999999999999997,0.2696950858068154,0.4230716348136945
203,0,"['water', 'big', 'climate', 'issue', 'everyone', 'everywhere']",0.21875,0.0,0.0,0.0,0.0,0.4666666666666666,0.3413622103026009,0.45827031486319264
204,0,"['lord', 'rings', 'aragorn', 'quest', 'review']",0.21875,0.0,0.0,0.0,0.0,0.3333333333333333,0.1967845938091865,0.45827031486319264
205,0,"['white', 'supremacist', 'urge', 'thor', 'boycott', 'casting', 'black', 'actor', 'norse', 'god']",0.34375,0.0,0.0,0.0,0.0,0.6000000000000001,0.32529963711018256,0.31733809982125677
206,0,"['barack', 'obama', 'sign', 'package', 'extend', 'tax', 'break', 'rich']",0.28125,0.0,0.0,0.0,0.0,0.39999999999999997,0.2858733210924283,0.3749484394335213
207,0,"['tower', 'hamlets', 'respect', 'win']",0.09375,0.0,0.0,0.0,0.0,0.4666666666666666,0.5566238234996457,0.0
208,0,"['eyewitness', 'red', 'nose', 'day']",0.0625,0.0,0.0,0.0,0.0,0.4666666666666666,0.32529963711018256,0.0
209,0,"['beck', 'produce', 'new', 'thurston', 'moore', 'album']",0.15625,0.0,0.0,0.0,0.0,0.3333333333333333,0.3046394957132736,0.1964801319950502
210,0,"['thousands', 'boy', 'start', 'secondary', 'school', 'able', 'read']",0.25,0.0,0.0,0.0,0.0,0.39999999999999997,0.3397573987595239,0.2749896878867043
211,0,"['ten', 'top', 'uk', 'winter', 'walk', 'hatfield', 'forest', 'essex']",0.1875,0.0,0.0,0.0,0.0,0.3333333333333333,0.28915523298682894,0.0
212,0,"['ashes', '2010', 'mitchell', 'johnson', 'still', 'king', 'swing', 'waca', 'david', 'hopps']",0.4375,0.0,0.0,0.0,0.0,0.3333333333333333,0.21928087093556176,0.45827031486319264
213,0,"['issue', 'celebrity', 'aid', 'deceptively', 'complex', 'madeleine', 'bunting']",0.3125,0.0,0.0,0.0,0.0,0.5333333333333332,0.4304509375858428,0.49993125257802834
214,0,"['replace', 'jonathan', 'sacks', 'chief', 'rabbi', 'alexander', 'goldberg']",0.28125,1.0,0.0,0.0,1.0,0.39999999999999997,0.4409617303049141,0.4124845318300564
215,0,"['season', 'reading', 'stick', 'man', 'julia', 'donaldson', 'axel', 'scheffler']",0.25,0.0,0.0,0.0,0.0,0.39999999999999997,0.3975884453568898,0.2749896878867043
216,0,"['winona', 'ryder', 'mel', 'gibson', 'call', 'dodger']",0.21875,0.0,0.0,0.0,0.0,0.2,0.2449723133864415,0.3055135432421285
217,0,"['ireland', 'credit', 'rating', 'slash', 'five', 'notch']",0.125,0.0,0.0,0.0,0.0,0.3333333333333333,0.5180649731808522,0.0
218,0,"['board', 'game', 'christmas', 'agony', 'ecstasy']",0.21875,0.0,0.0,0.0,0.0,0.39999999999999997,0.27711191753292747,0.611027086484257
219,0,"['metropolitan', 'lines', 'reverse', 'gear']",0.0625,0.0,0.0,0.0,0.0,0.6000000000000001,0.650599274220365,0.0
220,0,"['punch', 'taverns', 'climb', '7', 'shake', 'bad', 'weather', 'worry']",0.28125,0.0,0.0,0.0,0.0,0.26666666666666666,0.24643254731302494,0.3749484394335213
221,0,"['ashes', '2010', 'mitchell', 'johnson', 'find', 'mojo', 'australia', 'take', 'control']",0.28125,0.0,0.0,0.0,0.0,0.39999999999999997,0.3647259531279367,0.24996562628901417
222,0,"['california', 'approve', 'first', 'us', 'cap', 'trade', 'scheme']",0.1875,0.0,0.0,0.0,0.0,0.4666666666666666,0.3614440412335362,0.17186855492919018
223,0,"['ubs', 'demand', 'employee', 'right', 'pant']",0.21875,0.0,0.0,0.0,0.0,0.5333333333333332,0.42168953402634185,0.45827031486319264
224,0,"['champions', 'league', 'last', '16', 'draw', 'happen', 'sean', 'ingle']",0.28125,0.0,0.0,0.0,0.0,0.39999999999999997,0.26746859051281674,0.2749896878867043
225,0,"['taste', 'test', 'gluten', 'free', 'christmas', 'cake', 'pud', 'pie']",0.21875,0.0,0.0,0.0,0.0,0.39999999999999997,0.3092370639177641,0.15275677162106424
226,0,"['watch', 'exclusive', 'clip', 'king', 'speech']",0.1875,0.0,0.0,0.0,0.0,0.39999999999999997,0.28915523298682894,0.5156056647875705
227,0,"['football', 'league', 'bet', 'follow', 'weekend', 'plus', 'tipping', 'contest', 'james', 'dart']",0.375,0.0,0.0,0.0,0.0,0.3333333333333333,0.3475356745268698,0.31733809982125677
228,0,"['joy', 'six', 'memories', '2010', 'scott', 'murray']",0.25,0.0,0.0,0.0,0.0,0.3333333333333333,0.18072202061676806,0.45827031486319264
229,0,"['yahoo', 'close', 'delicious', 'wo', 'carol', 'use']",0.3125,1.0,0.0,0.0,0.0,0.39999999999999997,0.2530108288634753,0.5729410147119484
230,0,"['share', 'network', 'approach']",0.0625,0.0,0.0,0.0,0.0,0.3333333333333333,0.46987725360359694,0.34373710985838035
231,0,"['astrazeneca', 'drop', 'nearly', '5', 'us', 'fail', 'approve', 'brilinta', 'drug']",0.28125,0.0,0.0,0.0,0.0,0.5333333333333332,0.338441742449434,0.24996562628901417
232,0,"['football', 'transfer', 'rumour', 'javier', 'hernández', 'real', 'madrid']",0.1875,1.0,0.0,0.0,0.0,0.39999999999999997,0.5060216577269505,0.17186855492919018
233,0,"['helen', 'beckett', 'charities', 'need', 'find', 'good', 'way', 'tell', 'news', 'story']",0.34375,0.0,0.0,0.0,0.0,0.39999999999999997,0.2919311232235024,0.21146706998487558
234,0,"['insurance', 'game', 'chancers', 'crook']",0.1875,0.0,0.0,0.0,0.0,0.39999999999999997,0.3614440412335362,0.5156056647875705
235,0,"['cardiff', 'snow', 'updated']",0.03125,0.0,0.0,0.0,0.0,0.26666666666666666,0.46987725360359694,0.0
236,0,"['power', 'pentatonic', 'scale']",0.125,0.0,0.0,0.0,0.0,0.4666666666666666,0.27711191753292747,0.6874742197167607
237,0,"['guardian', 'focus', 'podcast', 'celebrity', 'role', 'play', 'development']",0.3125,1.0,0.0,0.0,0.0,0.5333333333333332,0.33734295256408403,0.5729410147119484
238,0,"['independent', 'journalist', 'ballot', 'strike', 'action']",0.15625,0.0,0.0,0.0,0.0,0.5333333333333332,0.5318432200326746,0.3928227691461571
239,0,"['andy', 'coulson', 'legal', 'fee', 'pay', 'news', 'international', 'say', 'cabinet', 'office']",0.34375,0.0,0.0,0.0,0.0,0.6666666666666667,0.3475356745268698,0.31733809982125677
240,0,"['today', 'medium', 'story', 'paper']",0.125,0.0,0.0,0.0,0.0,0.26666666666666666,0.3494007257796347,0.45827031486319264
241,0,"['new', 'leeds', 'bin', 'collection', 'still', 'cause', 'problem', 'resident']",0.21875,0.0,0.0,0.0,0.0,0.5333333333333332,0.46987725360359694,0.15275677162106424
242,0,"['cif', 'reader', 'christmas', 'hit', 'people', 'panel']",0.25,0.0,0.0,0.0,0.0,0.39999999999999997,0.32529963711018256,0.34373710985838035
243,0,"['business', 'week', 'picture']",0.0625,0.0,0.0,0.0,0.0,0.3333333333333333,0.3975884453568898,0.34373710985838035
244,0,"['nokia', 'patent', 'row', 'apple', 'escalates']",0.125,0.0,0.0,0.0,0.0,0.39999999999999997,0.3975884453568898,0.229203904853568
245,0,"['wikileaks', 'cable', 'day', '18', 'summary', 'key', 'point']",0.21875,0.0,0.0,0.0,0.0,0.39999999999999997,0.26104934434050914,0.3055135432421285
246,0,"['month', 'year', 'mean']",0.21875,0.0,0.0,0.0,1.0,0.2,0.08433212370060861,0.9166781245703287
247,0,"['games', 'chatterbox', 'column', 'friday']",0.0625,0.0,0.0,0.0,0.0,0.4666666666666666,0.5783104659736578,0.0
248,0,"['barclay', 'family', 'complain', 'news', 'deal']",0.28125,1.0,0.0,0.0,1.0,0.5333333333333332,0.32529963711018256,0.6249140657225355
249,0,"['community', 'safety', 'team', 'get', 'ready', 'black', 'friday']",0.1875,0.0,0.0,0.0,0.0,0.39999999999999997,0.3614440412335362,0.17186855492919018
250,0,"['edinburgh', 'today', 'snow', 'sleigh', 'crime', 'musical', 'medic', 'festive', 'gallery', 'tour']",0.28125,0.0,0.0,0.0,0.0,0.39999999999999997,0.4567351482643455,0.12498281314450709
251,0,"['offensive', 'richard', 'north', 'alienate', 'loyal', 'reader', 'george', 'monbiot']",0.4375,1.0,0.0,0.0,1.0,0.39999999999999997,0.31565631009007183,0.6416884366836244
252,0,"['next', 'box', 'set', 'blackadder']",0.09375,0.0,0.0,0.0,0.0,0.4666666666666666,0.2963841138114996,0.2749896878867043
253,0,"['g2', 'calendar', '2011', 'runners']",0.125,0.0,0.0,0.0,0.0,0.3333333333333333,0.22890974019402316,0.45827031486319264
254,0,"['elevator', 'pitch', 'peoplelovepresents', 'elusive', 'perfect', 'gift']",0.21875,0.0,0.0,0.0,0.0,1.0,0.650599274220365,0.34373710985838035
255,0,"['response', 'government', 'want', 'encourage', 'give', 'must', 'simplify', 'gift', 'aid']",0.34375,0.0,0.0,0.0,0.0,0.4666666666666666,0.3364176558185262,0.4230716348136945
256,0,"['simon', 'hoggart', '2010', 'political', 'review', 'hero', 'zero', 'year', 'change']",0.3125,0.0,0.0,0.0,0.0,0.39999999999999997,0.33734295256408403,0.34373710985838035
257,0,"['g2', 'calendar', '2011']",0.0625,0.0,0.0,0.0,0.0,0.3333333333333333,0.2168664247401217,0.34373710985838035
258,0,"['viral', 'video', 'chart', 'hans', 'rosling', 'cat', 'diary', 'bbc4', 'next', 'commission']",0.3125,1.0,0.0,0.0,0.0,0.4666666666666666,0.3132563216562811,0.11453320500481233
259,0,"['deep', 'pothole', 'road', 'financial', 'recovery']",0.1875,0.0,0.0,0.0,0.0,0.39999999999999997,0.32529963711018256,0.5156056647875705
260,0,"['cardiff', 'today', 'term', 'end', 'black', 'friday', 'christmas', 'countdown', 'begin']",0.25,0.0,0.0,0.0,0.0,0.39999999999999997,0.4409617303049141,0.13749484394335215
261,0,"['steve', 'lewis', 'pour', 'majestic', 'success', 'best', 'vintage']",0.25,0.0,0.0,0.0,0.0,0.3333333333333333,0.32529963711018256,0.4124845318300564
262,0,"['nhs', 'productivity', 'fall', 'every', 'year', 'since', '2000']",0.1875,0.0,0.0,0.0,0.0,0.6000000000000001,0.3614440412335362,0.17186855492919018
263,0,"['leeds', 'today', 'burley', 'rat', 'obese', 'child', 'armley', 'twelve', 'cakes', 'christmas']",0.3125,0.0,0.0,0.0,0.0,0.39999999999999997,0.38554512990298834,0.229203904853568
264,0,"['endorsement', 'report', 'allege', 'kosovo', 'pm', 'link', 'organ', 'trade', 'racket']",0.28125,0.0,0.0,0.0,0.0,0.5333333333333332,0.377868058467188,0.24996562628901417
265,0,"['warning', 'digital', 'music', 'film', 'purchase']",0.15625,0.0,0.0,0.0,0.0,0.39999999999999997,0.40791128717451947,0.3928227691461571
266,0,"['ashes', '2010', 'best', 'picture', 'day', 'two', 'third', 'test']",0.3125,0.0,0.0,0.0,0.0,0.3333333333333333,0.18072202061676806,0.45827031486319264
267,0,"['author', 'scathing', 'report', 'mod', 'finance', 'appoint', 'procurement', 'role']",0.28125,0.0,0.0,0.0,0.0,0.5333333333333332,0.40416672690734007,0.3749484394335213
268,0,"['fifa', 'warms', 'idea', 'world', 'cup', 'winter']",0.21875,0.0,0.0,0.0,0.0,0.2,0.13253430103951308,0.45827031486319264
269,0,"['man', 'hold', 'knife', 'attack', 'japan']",0.15625,0.0,0.0,0.0,0.0,0.2,0.20138216201367704,0.3928227691461571
270,0,"['bank', 'england', 'warn', 'banker', 'cut', 'bonus', 'boost', 'capital']",0.28125,0.0,0.0,0.0,0.0,0.26666666666666666,0.31215753177093114,0.3749484394335213
271,0,"['ashes', '2010', 'mitchell', 'johnson', 'make', 'mark', 'sledge', 'england']",0.28125,0.0,0.0,0.0,0.0,0.3333333333333333,0.338441742449434,0.3749484394335213
272,0,"['antonio', 'cassano', 'set', 'join', 'milan', 'january', 'say', 'report']",0.25,0.0,0.0,0.0,0.0,0.26666666666666666,0.28192635216215817,0.2749896878867043
273,0,"['snow', 'may', 'prevent', 'christmas', 'present', 'arrive', 'time', 'freight', 'firm', 'warn']",0.28125,0.0,0.0,0.0,0.0,0.39999999999999997,0.40416672690734007,0.12498281314450709
274,0,"['father', 'stay', 'england', 'say', 'fabio', 'capello', 'son']",0.25,0.0,0.0,0.0,0.0,0.3333333333333333,0.2963841138114996,0.4124845318300564
275,0,"['ashes', '2010', 'australia', 'v', 'england', 'happen', 'andy', 'bull', 'rob', 'smyth']",0.4375,0.0,0.0,0.0,0.0,0.39999999999999997,0.1903653476368788,0.36669874879692016
276,0,"['lord', 'chief', 'justice', 'attack', 'minister', 'quango', 'plan']",0.15625,0.0,0.0,0.0,0.0,0.39999999999999997,0.4905373950005059,0.0
277,0,"['assange', 'walk', 'free', 'nine', 'day', 'jail']",0.1875,0.0,0.0,0.0,0.0,0.26666666666666666,0.2349386268017985,0.34373710985838035
278,0,"['hugh', 'muir', 'diary']",0.03125,0.0,0.0,0.0,0.0,0.1333333333333333,0.27711191753292747,0.0
279,0,"['top', 'european', 'club', 'consider', 'form', 'breakaway', 'super', 'league']",0.1875,0.0,0.0,0.0,0.0,0.39999999999999997,0.5240938597886273,0.0
280,0,"['liverpool', 'future', 'club', 'hand', 'say', 'ryan', 'babel']",0.28125,0.0,0.0,0.0,0.0,0.39999999999999997,0.2201483366345222,0.49993125257802834
281,0,"['critics', 'know', 'good', 'scrum', 'must', 'devalue', 'shaun', 'edwards']",0.375,0.0,0.0,0.0,0.0,0.3333333333333333,0.280813104515159,0.4230716348136945
282,0,"['skiwatch', 'fresh', 'snow', 'perfect', 'ski']",0.09375,0.0,0.0,0.0,0.0,0.3333333333333333,0.46987725360359694,0.0
283,0,"['country', 'diary', 'south', 'uist']",0.0625,0.0,0.0,0.0,0.0,0.26666666666666666,0.3614440412335362,0.0
284,0,"['happy', 'christmas', 'rafa', 'benítez', 'inter', 'lose', 'club', 'world', 'cup', 'final']",0.34375,1.0,0.0,0.0,0.0,0.39999999999999997,0.2585770670984718,0.31733809982125677
285,0,"['cartoon', 'steve', 'bell', 'immigration', 'policy']",0.125,0.0,0.0,0.0,0.0,0.5333333333333332,0.4939783422730491,0.229203904853568
286,0,"['letters', 'phone', 'friend']",0.0625,0.0,0.0,0.0,0.0,0.26666666666666666,0.28915523298682894,0.34373710985838035
287,0,"['letters', 'curb', 'loan', 'shark', 'excesses', 'christmas']",0.15625,0.0,0.0,0.0,0.0,0.39999999999999997,0.42857142857142844,0.1964801319950502
288,0,"['letters', 'pessimism', 'israel']",0.0625,0.0,0.0,0.0,0.0,0.39999999999999997,0.46987725360359694,0.34373710985838035
289,0,"['letters', 'dodgy', 'doctorate']",0.03125,0.0,0.0,0.0,0.0,0.4666666666666666,0.6626425896742665,0.0
290,0,"['letters', 'want', 'green', 'bank', 'soon', 'possible']",0.25,0.0,0.0,0.0,0.0,0.3333333333333333,0.1518064973180851,0.5499793757734086
291,0,"['tax', 'cheat', 'avoid', 'fine', 'caught']",0.125,0.0,0.0,0.0,0.0,0.3333333333333333,0.37348735668743765,0.229203904853568
292,0,"['letters', 'best', 'chance', 'curb', 'corruption', 'congo']",0.1875,0.0,0.0,0.0,0.0,0.4666666666666666,0.32529963711018256,0.34373710985838035
293,0,"['corrections', 'clarification']",0.03125,0.0,0.0,0.0,0.0,0.7333333333333334,0.9517978226610952,0.45827031486319264
294,0,"['tuberculosis', 'thriving', 'london', 'say', 'expert']",0.15625,0.0,0.0,0.0,0.0,0.6000000000000001,0.5731490450648429,0.1964801319950502
295,0,"['amy', 'williams', 'small', 'talk']",0.09375,0.0,0.0,0.0,0.0,0.3333333333333333,0.32529963711018256,0.0
296,0,"['hurley', 'girlie', 'man', 'end', 'spin', 'making', 'harry', 'pearson']",0.40625,0.0,0.0,0.0,0.0,0.26666666666666666,0.1600618792198591,0.5893029011412072
297,0,"['albums', '2010', '1', 'janelle', 'monáe', 'archandroid', 'suites', 'ii', 'iii']",0.375,0.0,0.0,0.0,0.0,0.5333333333333332,0.21409053450344823,0.4230716348136945
298,0,"['tonight', 'tv', 'highlight', 'natural', 'world', 'john', 'sergeant', 'tracks', 'empire', 'peep', 'show', 'aladdin', 'cbeebies', 'magic', 'lamp', 'horrible', 'histories', 'horrible', 'christmas', 'music', 'room', 'emma', 'johnson', 'festivals', 'britannia']",1.0,0.0,0.0,0.0,0.0,0.4666666666666666,0.4499400002891551,0.1896053897978826
299,0,"['help', 'cut', 'm42', 'pollution']",0.09375,0.0,0.0,0.0,0.0,0.39999999999999997,0.23855306721413388,0.2749896878867043
300,0,"['ref', 'carlos', 'tevez', 'manchester', 'city']",0.1875,0.0,0.0,0.0,0.0,0.4666666666666666,0.2710830309251521,0.5156056647875705
301,0,"['letters', 'devolving', 'power', 'cut']",0.15625,0.0,0.0,0.0,0.0,0.39999999999999997,0.2633336706811051,0.3928227691461571
302,0,"['praise', 'losehill', 'hall', 'editorial']",0.1875,0.0,0.0,0.0,0.0,0.39999999999999997,0.2633336706811051,0.3928227691461571
303,0,"['bp', 'ready', 'mauling', 'editorial']",0.15625,0.0,0.0,0.0,0.0,0.39999999999999997,0.2530108288634753,0.45827031486319264
304,0,"['us', 'afghan', 'war', 'review', 'track', 'editorial']",0.28125,0.0,0.0,0.0,0.0,0.39999999999999997,0.26746859051281674,0.4124845318300564
305,0,"['brian', 'may', 'conservatives', 'fox', 'hunting', 'animal', 'welfare', 'beat', 'party', 'loyalty']",0.34375,0.0,0.0,0.0,0.0,0.6666666666666667,0.46987725360359694,0.229203904853568
306,0,"['readers', 'recommend', 'song', 'change']",0.09375,0.0,0.0,0.0,0.0,0.39999999999999997,0.5277083002009628,0.2749896878867043
307,0,"['video', 'james', 'richardson', 'european', 'newspaper', 'review']",0.125,0.0,0.0,0.0,0.0,0.5333333333333332,0.6626425896742665,0.0
308,0,"['hospital', 'productivity', 'go', 'say', 'nao']",0.125,0.0,0.0,0.0,0.0,0.6000000000000001,0.4457761649341449,0.229203904853568
309,0,"['youtube', 'advent', 'calendar', '17', 'december']",0.09375,0.0,0.0,0.0,0.0,0.3333333333333333,0.4987927769022799,0.0
310,0,"['music', 'make', 'christmas']",0.09375,0.0,0.0,0.0,0.0,0.39999999999999997,0.3542151604088654,0.5499793757734086
311,0,"['loose', 'cannons', 'review']",0.0625,0.0,0.0,0.0,0.0,0.26666666666666666,0.28915523298682894,0.0
312,0,"['vaughan', 'williams', 'songs', 'travel', 'glick', 'south', 'north', 'etc', 'review']",0.3125,0.0,0.0,0.0,0.0,0.3333333333333333,0.31215753177093114,0.24996562628901417
313,0,"['wikileaks', 'anonymous', 'hierarchy', 'emerges']",0.0625,0.0,0.0,0.0,0.0,0.39999999999999997,0.8313212948371331,0.0
314,0,"['pete', 'coe', 'backbone', 'review']",0.09375,0.0,0.0,0.0,0.0,0.3333333333333333,0.23855306721413388,0.0
315,0,"['bridge', 'piano', 'quintet', 'bax', 'piano', 'quintet', 'review']",0.1875,0.0,0.0,0.0,0.0,0.26666666666666666,0.40791128717451947,0.0
316,0,"['readers', 'recommend', 'song', 'royalty', 'result']",0.15625,0.0,0.0,0.0,0.0,0.39999999999999997,0.4905373950005059,0.3928227691461571
317,0,"['two', 'door', 'cinema', 'club', 'become', 'shock', 'blockbuster']",0.1875,0.0,0.0,0.0,1.0,0.6000000000000001,0.379516243295213,0.17186855492919018
318,0,"['tron', 'legacy', 'review']",0.0625,0.0,0.0,0.0,0.0,0.2,0.2168664247401217,0.0
319,0,"['schumann', 'nachtstücke', 'gesänge', 'der', 'frühe', 'widmann', 'toccata', 'fleurs', 'du', 'mal', 'review']",0.3125,0.0,0.0,0.0,0.0,0.5333333333333332,0.4567351482643455,0.0
320,0,"['maddy', 'prior', 'carnival', 'band', 'vaughan', 'williams', 'carols', 'songs', 'hymns', 'review']",0.375,0.0,0.0,0.0,0.0,0.3333333333333333,0.3614440412335362,0.11453320500481233
321,0,"['boudu', 'saved', 'drowning', 'review']",0.125,0.0,0.0,0.0,0.0,0.3333333333333333,0.3011985484407304,0.229203904853568
322,0,"['mel', 'gibson', 'year', 'living', 'disastrously']",0.15625,0.0,0.0,0.0,0.0,0.6000000000000001,0.3459597785070914,0.3928227691461571
323,0,"['juventus', 'v', 'manchester', 'city', 'picture']",0.125,0.0,0.0,0.0,0.0,0.4666666666666666,0.3975884453568898,0.229203904853568
324,0,"['cuckoo', 'review']",0.03125,0.0,0.0,0.0,0.0,0.2,0.22890974019402316,0.0
325,0,"['sleigh', 'bells', 'shake', 'life', 'mia']",0.15625,0.0,0.0,0.0,0.0,0.2,0.18072202061676806,0.3928227691461571
326,0,"['birmingham', 'city', 'give', 'alex', 'mcleish', 'money', 'january', 'transfer']",0.25,0.0,0.0,0.0,0.0,0.4666666666666666,0.3975884453568898,0.2749896878867043
327,0,"['arsène', 'wenger', 'predict', 'arsenal', 'draw', 'barcelona', 'champions', 'league']",0.25,0.0,0.0,0.0,0.0,0.39999999999999997,0.4843350152529384,0.2749896878867043
328,0,"['magnets', 'review']",0.0625,0.0,0.0,0.0,0.0,0.26666666666666666,0.2168664247401217,0.34373710985838035
329,0,"['nels', 'cline', 'dirty', 'baby', 'review']",0.125,0.0,0.0,0.0,0.0,0.2,0.20482310928622022,0.0
330,0,"['bollywood', 'start', 'deal', 'india', 'caste', 'system']",0.25,0.0,0.0,0.0,1.0,0.39999999999999997,0.31084187546084113,0.5499793757734086
331,0,"['nik', 'bärtsch', 'ronin', 'llyria', 'review']",0.125,0.0,0.0,0.0,0.0,0.3333333333333333,0.3011985484407304,0.0
332,0,"['dinastia', 'borgia', 'review']",0.0625,0.0,0.0,0.0,0.0,0.3333333333333333,0.5662671505197563,0.0
333,0,"['plan', 'b', 'banks', 'may', 'soul', 'still', 'real', 'life']",0.3125,0.0,0.0,0.0,0.0,0.4666666666666666,0.18072202061676806,0.34373710985838035
334,0,"['rafiq', 'hariri', 'tribunal', 'many', 'beirut', 'lose', 'thirst', 'justice', 'analysis']",0.40625,0.0,0.0,0.0,0.0,0.3333333333333333,0.33562247892781233,0.49099408772171044
335,0,"['burlesque', 'review']",0.03125,0.0,0.0,0.0,0.0,0.39999999999999997,0.37348735668743765,0.0
336,0,"['first', 'sight', 'hailee', 'steinfeld']",0.0625,0.0,0.0,0.0,0.0,0.39999999999999997,0.5060216577269505,0.0
337,0,"['hail', 'hail', 'rock']",0.03125,0.0,0.0,0.0,0.0,0.39999999999999997,0.42168953402634185,0.0
338,0,"['snow', 'queen', 'review']",0.09375,0.0,0.0,0.0,0.0,0.2,0.1518064973180851,0.2749896878867043
339,0,"['flyboy', 'alone', 'christmas', 'review']",0.1875,0.0,0.0,0.0,0.0,0.39999999999999997,0.28915523298682894,0.5156056647875705
340,0,"['free', 'fall', 'gray', 'scale', 'review']",0.125,0.0,0.0,0.0,0.0,0.2,0.18072202061676806,0.0
341,0,"['bob', 'stanley', 'guide', 'write', 'perfect', 'christmas', 'hit']",0.21875,0.0,0.0,0.0,0.0,0.39999999999999997,0.3574247834950192,0.3055135432421285
342,0,"['elgar', 'violin', 'concerto', 'etc', 'review']",0.125,0.0,0.0,0.0,0.0,0.3333333333333333,0.4120462070062311,0.0
343,0,"['stop', 'believin', 'power', 'ballad', 'refuse', 'die']",0.25,0.0,0.0,0.0,1.0,0.3333333333333333,0.26746859051281674,0.4124845318300564
344,0,"['animals', 'united', 'review']",0.0625,0.0,0.0,0.0,0.0,0.26666666666666666,0.32529963711018256,0.0
345,0,"['tony', 'pulis', 'seek', 'end', 'stoke', 'bad', 'boy', 'image', 'rekindle', 'wenger', 'row']",0.34375,0.0,0.0,0.0,0.0,0.4666666666666666,0.23632657192013523,0.21146706998487558
346,0,"['alpha', 'nerd', 'kick']",0.125,0.0,0.0,0.0,1.0,0.2,0.22890974019402316,0.45827031486319264
347,0,"['alan', 'pardew', 'hop', 'entertainment', 'win', 'newcastle', 'united', 'fan']",0.25,0.0,0.0,0.0,0.0,0.6666666666666667,0.4409617303049141,0.2749896878867043
348,0,"['tv', 'review', 'house', 'made', 'dirk', 'gently']",0.21875,0.0,0.0,0.0,0.0,0.2,0.18072202061676806,0.45827031486319264
349,0,"['la', 'nuova', 'review']",0.09375,0.0,0.0,0.0,0.0,0.5333333333333332,0.32529963711018256,0.0
350,0,"['fred', 'movie', 'review']",0.09375,0.0,0.0,0.0,0.0,0.2,0.1518064973180851,0.2749896878867043
351,0,"['verismo', 'arias', 'review']",0.0625,0.0,0.0,0.0,0.0,0.26666666666666666,0.46987725360359694,0.0
352,0,"['gwyneth', 'herbert', 'clangers', 'mash', 'review']",0.15625,0.0,0.0,0.0,0.0,0.3333333333333333,0.3459597785070914,0.1964801319950502
353,0,"['english', 'student', 'face', 'tuition', 'fee', 'scottish', 'university']",0.21875,0.0,0.0,0.0,0.0,0.6000000000000001,0.5020023999884338,0.15275677162106424
354,0,"['ed', 'miliband', 'launch', 'oldham', 'east', 'saddleworth', 'byelection', 'battle']",0.21875,0.0,0.0,0.0,0.0,0.5333333333333332,0.5341275463732704,0.15275677162106424
355,0,"['snow', 'white', 'seven', 'dwarfs', 'review']",0.1875,0.0,0.0,0.0,0.0,0.2,0.19879422267844488,0.34373710985838035
356,0,"['anne', 'billson', 'love', 'question', 'doc', 'catfish']",0.28125,0.0,0.0,0.0,0.0,0.5333333333333332,0.3515838477886853,0.49993125257802834
357,0,"['la', 'message', 'dadt', 'michael', 'tomasky']",0.25,0.0,0.0,0.0,0.0,0.4666666666666666,0.3092370639177641,0.45827031486319264
358,0,"['barack', 'obama', 'afghanistan', 'war', 'track']",0.15625,0.0,0.0,0.0,0.0,0.5333333333333332,0.3046394957132736,0.3928227691461571
359,0,"['liam', 'fox', 'cancel', 'sri', 'lanka', 'trip', 'amid', 'claim', 'cable', 'colombo', 'war', 'crime', 'complicity']",0.40625,0.0,0.0,0.0,0.0,0.4666666666666666,0.2963841138114996,0.18328062697648842
360,0,"['wikileaks', 'cable', 'india', 'accuse', 'systematic', 'use', 'torture', 'kashmir']",0.28125,0.0,0.0,0.0,0.0,0.4666666666666666,0.39101016380643944,0.3749484394335213
361,0,"['us', 'embassy', 'cable', 'doctors', 'release', 'civilian', 'casualty', 'figure', 'sri', 'lankan', 'conflict']",0.375,0.0,0.0,0.0,0.0,0.39999999999999997,0.4905373950005059,0.1964801319950502
362,0,"['us', 'embassy', 'cable', 'human', 'right', 'sri', 'lanka']",0.25,0.0,0.0,0.0,0.0,0.3333333333333333,0.26746859051281674,0.2749896878867043
363,0,"['us', 'embassy', 'cable', 'human', 'right', 'abuse', 'tamil', 'tigers']",0.21875,0.0,0.0,0.0,0.0,0.26666666666666666,0.32529963711018256,0.15275677162106424
364,0,"['wikileaks', 'cable', 'us', 'official', 'voice', 'fear', 'india', 'could', 'target', 'biological', 'terrorism']",0.34375,0.0,0.0,0.0,0.0,0.4666666666666666,0.44764121618690983,0.21146706998487558
365,0,"['us', 'embassy', 'cable', 'sri', 'lankan', 'government', 'accuse', 'complicity', 'human', 'right', 'abuse']",0.34375,0.0,0.0,0.0,0.0,0.4666666666666666,0.40315468359188616,0.21146706998487558
366,0,"['us', 'embassy', 'cable', 'india', 'accuse', 'pakistan', 'support', 'taliban']",0.21875,0.0,0.0,0.0,0.0,0.4666666666666666,0.46987725360359694,0.15275677162106424
367,0,"['us', 'embassy', 'cable', 'americans', 'reassure', 'india', 'afghanistan']",0.1875,0.0,0.0,0.0,0.0,0.5333333333333332,0.5421660618503041,0.17186855492919018
368,0,"['us', 'embassy', 'cable', 'indian', 'fear', 'reconciliation', 'effort', 'afghanistan']",0.25,0.0,0.0,0.0,0.0,0.7333333333333334,0.5277083002009628,0.2749896878867043
369,0,"['us', 'embassy', 'cable', 'indian', 'concern', 'security', 'afghanistan']",0.21875,0.0,0.0,0.0,0.0,0.5333333333333332,0.4538146804111786,0.3055135432421285
370,0,"['us', 'embassy', 'cable', 'india', 'help', 'stabilise', 'afghanistan']",0.21875,0.0,0.0,0.0,0.0,0.5333333333333332,0.40562696083392363,0.3055135432421285
371,0,"['us', 'embassy', 'cable', 'sri', 'lankan', 'doctor', 'release', 'bail', 'charge', 'false', 'civilian', 'casualty', 'report']",0.4375,0.0,0.0,0.0,0.0,0.3333333333333333,0.3885523443260514,0.25780283239378526
372,0,"['us', 'embassy', 'cable', 'indian', 'jihadi', 'group']",0.21875,0.0,0.0,0.0,0.0,0.6000000000000001,0.5180649731808522,0.15275677162106424
373,0,"['us', 'embassy', 'cable', 'indian', 'home', 'minister', 'tell', 'fbi', 'terrorist', 'sleeper', 'cell', 'wait', 'strike', 'india']",0.46875,0.0,0.0,0.0,0.0,0.39999999999999997,0.3423019648098082,0.24267839956001652
374,0,"['us', 'embassy', 'cable', 'us', 'work', 'block', 'syrian', 'bid', 'obtain', 'chemical', 'warfare', 'component']",0.375,0.0,0.0,0.0,0.0,0.4666666666666666,0.33562247892781233,0.1964801319950502
375,0,"['us', 'embassy', 'cable', 'us', 'step', 'stop', 'export', 'potential', 'nuclear', 'component', 'india', 'iran']",0.46875,0.0,0.0,0.0,0.0,0.4666666666666666,0.2742781962496566,0.4043723360373986
376,0,"['wikileaks', 'cable', 'rahul', 'gandhi', 'warn', 'us', 'hindu', 'extremist', 'threat']",0.25,0.0,0.0,0.0,0.0,0.39999999999999997,0.4120462070062311,0.13749484394335215
377,0,"['us', 'embassy', 'cable', 'generational', 'divide', 'tibet', 'leader', 'youth']",0.28125,0.0,0.0,0.0,0.0,0.6000000000000001,0.5093035696213513,0.24996562628901417
378,0,"['us', 'embassy', 'cable', 'tibet', 'protest', 'put', 'india', 'awkward', 'spot']",0.25,0.0,0.0,0.0,0.0,0.3333333333333333,0.31084187546084113,0.13749484394335215
379,0,"['us', 'embassy', 'cable', 'dalai', 'lama', 'make', 'desperate', 'plea', 'us', 'help', '2008', 'unrest']",0.40625,0.0,0.0,0.0,0.0,0.39999999999999997,0.2578252634927059,0.2749896878867043
380,0,"['wikileaks', 'cable', 'show', 'warm', 'relationship', 'india', 'us']",0.21875,0.0,0.0,0.0,0.0,0.6000000000000001,0.4859398267960154,0.3055135432421285
381,0,"['us', 'embassy', 'cable', 'dalai', 'lama', 'say', 'prioritise', 'climate', 'change', 'politics', 'tibet']",0.34375,0.0,0.0,0.0,0.0,0.4666666666666666,0.3809041884135497,0.21146706998487558
382,0,"['us', 'embassy', 'cable', 'tibetan', 'frustration', 'way']",0.21875,0.0,0.0,0.0,0.0,0.5333333333333332,0.38954992987985587,0.3055135432421285
383,0,"['us', 'embassy', 'cable', 'us', 'concern', 'suspicious', 'indian', 'shipment', 'iran']",0.28125,0.0,0.0,0.0,0.0,0.4666666666666666,0.3647259531279367,0.24996562628901417
384,0,"['us', 'embassy', 'cable', 'indian', 'muslims', 'reject', 'extremist', 'creed']",0.1875,0.0,0.0,0.0,0.0,0.39999999999999997,0.48794945566527376,0.0
385,0,"['us', 'embassy', 'cable', 'india', 'diffident', 'ally', 'terror', 'us']",0.375,0.0,0.0,0.0,0.0,0.39999999999999997,0.18072202061676806,0.4230716348136945
386,0,"['us', 'embassy', 'cable', 'us', 'fear', 'possible', 'bioterror', 'attack', 'india']",0.25,0.0,0.0,0.0,0.0,0.39999999999999997,0.3542151604088654,0.13749484394335215
387,0,"['us', 'embassy', 'cable', 'seeing', 'eye', 'eye']",0.21875,0.0,0.0,0.0,0.0,0.8666666666666667,0.3574247834950192,0.3055135432421285
388,0,"['us', 'embassy', 'cable', 'red', 'cross', 'clash', 'india', 'treatment', 'detainee']",0.3125,0.0,0.0,0.0,0.0,0.39999999999999997,0.3614440412335362,0.34373710985838035
389,0,"['wikileaks', 'cable', 'us', 'diplomat', 'suggest', 'bollywood', 'star', 'tour', 'afghanistan']",0.25,0.0,0.0,0.0,0.0,0.5333333333333332,0.6144548700970114,0.13749484394335215
390,0,"['us', 'embassy', 'cable', 'first', 'lady', 'india', 'california', 'get', 'wonderfully', 'point']",0.46875,0.0,0.0,0.0,0.0,0.5333333333333332,0.22324229762748132,0.48521930427608967
391,0,"['us', 'embassy', 'cable', 'indian', 'official', 'deliver', 'bleak', 'vision', 'longterm', 'relation', 'pakistan']",0.34375,0.0,0.0,0.0,0.0,0.39999999999999997,0.48099527231194056,0.21146706998487558
392,0,"['us', 'embassy', 'cable', 'idea', 'miss', 'relation']",0.21875,0.0,0.0,0.0,0.0,0.39999999999999997,0.37348735668743765,0.15275677162106424
393,0,"['us', 'embassy', 'cable', 'tell', 'u', 'india', 'warn', 'us']",0.3125,0.0,0.0,0.0,0.0,0.26666666666666666,0.14457761649341444,0.34373710985838035
394,0,"['us', 'embassy', 'cable', 'aung', 'san', 'sui', 'kyi', 'come', 'go', 'burma', 'indian', 'diplomat']",0.46875,0.0,0.0,0.0,0.0,0.3333333333333333,0.2168664247401217,0.25780283239378526
395,0,"['us', 'embassy', 'cable', 'ambassador', 'warn', 'radical', 'hindu', 'group', 'may', 'pose', 'big', 'threat', 'let', 'india']",0.46875,0.0,0.0,0.0,0.0,0.4666666666666666,0.33380080095999526,0.24267839956001652
396,0,"['wikileaks', 'cable', 'dalai', 'lama', 'call', 'focus', 'climate', 'politics', 'tibet']",0.34375,0.0,0.0,0.0,0.0,0.39999999999999997,0.32529963711018256,0.4230716348136945
397,0,"['us', 'embassy', 'cable', 'us', 'offer', 'mixed', 'opinion', 'rahul', 'gandhi']",0.25,0.0,0.0,0.0,0.0,0.26666666666666666,0.2963841138114996,0.13749484394335215
398,0,"['us', 'embassy', 'cable', 'mumbai', 'political', 'fallout', 'continue', 'indian', 'government', 'wield', 'axe']",0.34375,0.0,0.0,0.0,0.0,0.4666666666666666,0.44764121618690983,0.21146706998487558
399,0,"['us', 'embassy', 'cable', 'indian', 'government', 'head', 'roll', 'mumbai', 'terror', 'attack']",0.28125,0.0,0.0,0.0,0.0,0.4666666666666666,0.4435930429250942,0.12498281314450709
400,0,"['us', 'embassy', 'cable', 'india', 'democracy', 'partner', 'america']",0.3125,0.0,0.0,0.0,0.0,0.39999999999999997,0.32529963711018256,0.34373710985838035
401,0,"['us', 'embassy', 'cable', 'relations', 'improve', 'india', 'us']",0.21875,0.0,0.0,0.0,0.0,0.39999999999999997,0.37348735668743765,0.3055135432421285
402,0,"['us', 'embassy', 'cable', 'indian', 'protest', 'america', 'soft', 'pakistan']",0.3125,0.0,0.0,0.0,0.0,0.3333333333333333,0.3132563216562811,0.45827031486319264
403,0,"['us', 'embassy', 'cable', 'indian', 'official', 'tell', 'us', 'neither', 'sri', 'lanka', 'government', 'tamil', 'tigers', 'respect', 'international', 'community']",0.46875,0.0,0.0,0.0,0.0,0.6666666666666667,0.48687958130322256,0.08084696823869106
404,0,"['us', 'embassy', 'cable', 'iran', 'manipulate', 'indian', 'washington', 'tell']",0.21875,0.0,0.0,0.0,0.0,0.6666666666666667,0.6305174432894298,0.0
405,0,"['us', 'embassy', 'cable', 'us', 'argue', 'visa', 'kashmiri']",0.25,0.0,0.0,0.0,0.0,0.6000000000000001,0.42650396865557266,0.2749896878867043
406,0,"['us', 'embassy', 'cable', 'gandhi', 'fire', 'failure', 'overcome', 'opposition', 'nuclear', 'deal']",0.375,0.0,0.0,0.0,0.0,0.4666666666666666,0.36660546214235107,0.3928227691461571
407,0,"['xfm', 'winter', 'wonderland', 'review']",0.09375,0.0,0.0,0.0,0.0,0.4666666666666666,0.3542151604088654,0.0
408,0,"['us', 'lawyer', 'explore', 'extradition', 'route', 'julian', 'assange']",0.1875,0.0,0.0,0.0,0.0,0.5333333333333332,0.48794945566527376,0.17186855492919018
409,0,"['kipper', 'williams', 'frankincense', 'myrrh', 'thing']",0.28125,1.0,0.0,0.0,0.0,0.6000000000000001,0.3831306837075484,0.6874742197167607
410,0,"['radical', 'lib', 'dems', 'must', 'revolt', 'lose', 'everything', 'roy', 'hattersley']",0.3125,0.0,0.0,0.0,0.0,0.4666666666666666,0.31215753177093114,0.12498281314450709
411,0,"['frank', 'lampard', 'ready', 'start', 'chelsea', 'manchester', 'united']",0.25,0.0,0.0,0.0,0.0,0.4666666666666666,0.42650396865557266,0.4124845318300564
412,0,"['show', 'unity', 'brussels', 'wrangle', 'euro', 'continue']",0.3125,0.0,0.0,0.0,0.0,0.39999999999999997,0.2530108288634753,0.6874742197167607
413,0,"['julian', 'assange', 'freed', 'bail']",0.09375,0.0,0.0,0.0,0.0,0.26666666666666666,0.2963841138114996,0.2749896878867043
414,0,"['bradley', 'manning', 'health', 'deteriorate', 'jail', 'supporter', 'say']",0.1875,0.0,0.0,0.0,0.0,0.6666666666666667,0.560238263911981,0.17186855492919018
415,0,"['blake', 'edwards', 'life', 'clip']",0.125,0.0,0.0,0.0,0.0,0.26666666666666666,0.18072202061676806,0.45827031486319264
416,0,"['baseball', 'great', 'bob', 'feller', 'pitch', 'team', 'country', 'lawrence', 'donegan']",0.40625,0.0,0.0,0.0,0.0,0.3333333333333333,0.3149767952925528,0.49099408772171044
417,0,"['heather', 'mills', 'target', 'spot', 'britain', '2014', 'winter', 'paralympic', 'ski', 'team']",0.28125,0.0,0.0,0.0,0.0,0.4666666666666666,0.39101016380643944,0.12498281314450709
418,0,"['suez', 'wo', 'crisis', 'international', 'power']",0.1875,0.0,0.0,0.0,0.0,0.6666666666666667,0.28915523298682894,0.5156056647875705
419,0,"['credit', 'rating', 'agency', 'lead', 'assault', 'nation', 'people', 'martin', 'kettle']",0.40625,0.0,0.0,0.0,0.0,0.3333333333333333,0.3562826203247212,0.49099408772171044
420,0,"['government', 'publish', 'minister', 'gift']",0.0625,0.0,0.0,0.0,0.0,0.4666666666666666,0.7951768907137795,0.0
421,0,"['jerry', 'seinfeld', 'announces', 'first', 'uk', 'gig', 'since', '1998']",0.1875,0.0,0.0,0.0,0.0,0.39999999999999997,0.34337183917185937,0.0
422,0,"['fbi', 'arrest', 'technology', 'firm', 'staff', 'insider', 'trading']",0.1875,0.0,0.0,0.0,0.0,0.4666666666666666,0.45180505154192024,0.17186855492919018
423,0,"['juventus', 'manchester', 'city', 'europa', 'league', 'group', 'match', 'report']",0.28125,0.0,0.0,0.0,0.0,0.4666666666666666,0.36867292205820684,0.13749484394335215
424,0,"['tesco', 'one', 'stop', 'anger', 'rival', 'purchase']",0.1875,0.0,0.0,0.0,0.0,0.3333333333333333,0.3975884453568898,0.17186855492919018
425,0,"['ed', 'miliband', 'set', 'first', 'test']",0.15625,0.0,0.0,0.0,0.0,0.3333333333333333,0.28399381207801394,0.3928227691461571
426,0,"['video', 'julian', 'assange', 'grant', 'bail']",0.09375,0.0,0.0,0.0,0.0,0.26666666666666666,0.4409617303049141,0.0
427,0,"['ireland', 'still', 'denial', 'abortion', 'fiona', 'de', 'londras']",0.28125,0.0,0.0,0.0,0.0,0.3333333333333333,0.2963841138114996,0.4124845318300564
428,0,"['spending', 'cut', 'see', 'rise', 'absolute', 'child', 'poverty']",0.21875,0.0,0.0,0.0,0.0,0.3333333333333333,0.32529963711018256,0.3055135432421285
429,0,"['war', 'declare', 'upstairs', 'downstairs', 'creator', 'fire', 'volley', 'downton', 'abbey']",0.28125,0.0,0.0,0.0,0.0,0.4666666666666666,0.4304509375858428,0.24996562628901417
430,0,"['terry', 'wogan', 'say', 'bbc', 'spend', 'much', 'money', 'building']",0.3125,0.0,0.0,0.0,0.0,0.39999999999999997,0.2168664247401217,0.45827031486319264
431,0,"['strange', 'quarks', 'episode', '6', 'david', 'aaronovitch']",0.125,0.0,0.0,0.0,0.0,0.5333333333333332,0.4939783422730491,0.0
432,0,"['suffolk', 'council', 'accuse', 'ignore', 'bt', 'deal']",0.25,0.0,0.0,0.0,0.0,0.39999999999999997,0.3542151604088654,0.2749896878867043
433,0,"['brunei', 'prince', 'lose', 'embarrass', 'lawsuit', 'financial', 'adviser']",0.1875,0.0,0.0,0.0,0.0,0.6000000000000001,0.6867436783437186,0.17186855492919018
434,0,"['fa', 'invests', 'new', 'elite', 'league', 'woman']",0.21875,0.0,0.0,0.0,0.0,0.26666666666666666,0.16465944742434974,0.3055135432421285
435,0,"['poor', 'borough', 'deep', 'cut']",0.0625,0.0,0.0,0.0,0.0,0.3333333333333333,0.32529963711018256,0.0
436,0,"['trafalgar', 'square', 'killer', 'two', 'find', 'guilty', 'attack', 'leave', 'gay', 'man', 'dead']",0.375,0.0,0.0,0.0,0.0,0.39999999999999997,0.2736709702603843,0.2946514505706036
437,0,"['google', 'create', 'tool', 'probe', 'english', 'word', 'cultural', 'trend']",0.34375,0.0,0.0,0.0,0.0,0.3333333333333333,0.2919311232235024,0.4230716348136945
438,0,"['police', 'seek', 'charge', '14', 'inquiry', 'anglo', 'irish', 'bank']",0.28125,0.0,0.0,0.0,0.0,0.26666666666666666,0.2595891104139256,0.3749484394335213
439,0,"['uk', 'shopper', 'go', 'online']",0.09375,0.0,0.0,0.0,0.0,0.6000000000000001,0.46987725360359694,0.0
440,0,"['vladimir', 'putin', 'warn', 'shot', 'liberal', 'society', 'must', 'order']",0.25,0.0,0.0,0.0,0.0,0.3333333333333333,0.3975884453568898,0.2749896878867043
441,0,"['lebanon', 'brace', 'bloodshed', 'report', 'rafik', 'hariri', 'kill']",0.25,0.0,0.0,0.0,0.0,0.39999999999999997,0.42650396865557266,0.4124845318300564
442,0,"['bskyb', 'lose', 'sex', 'discrimination', 'unfair', 'dismissal', 'case']",0.1875,0.0,0.0,0.0,0.0,0.7333333333333334,0.5060216577269505,0.17186855492919018
443,0,"['ivory', 'coast', 'violence', 'leave', '18', 'dead']",0.125,0.0,0.0,0.0,0.0,0.3333333333333333,0.32529963711018256,0.0
444,0,"['prize', 'money', 'cheltenham', 'gold', 'cup', 'rise', '2011', 'festival']",0.34375,0.0,0.0,0.0,0.0,0.4666666666666666,0.24744459062847884,0.4230716348136945
445,0,"['blake', 'edwards', 'director', 'breakfast', 'tiffany', 'pink', 'panther', 'film', 'dy', '88']",0.375,0.0,0.0,0.0,0.0,0.39999999999999997,0.3046394957132736,0.3928227691461571
446,0,"['get', 'act', 'together', 'risk', 'lose', 'us', 'ally', 'eu', 'foreign', 'policy', 'chief', 'tell', 'leader']",0.40625,0.0,0.0,0.0,0.0,0.3333333333333333,0.2578252634927059,0.18328062697648842
447,0,"['afghanistan', 'war', 'break', 'obama', 'presidency', 'simon', 'tisdall']",0.25,1.0,0.0,0.0,1.0,0.5333333333333332,0.46987725360359694,0.3055135432421285
448,0,"['major', 'change', 'ferrari', 'despite', 'last', 'season', 'failure']",0.21875,0.0,0.0,0.0,0.0,0.3333333333333333,0.40562696083392363,0.3055135432421285
449,0,"['blake', 'edwards', 'career', 'photo']",0.125,0.0,0.0,0.0,0.0,0.26666666666666666,0.2530108288634753,0.45827031486319264
450,0,"['ireland', 'urge', 'reform', 'abortion', 'legislation']",0.125,0.0,0.0,0.0,0.0,0.5333333333333332,0.5421660618503041,0.229203904853568
451,0,"['dublin', 'brite', 'bill', 'score', 'account', 'tool']",0.1875,0.0,0.0,0.0,0.0,0.5333333333333332,0.5240938597886273,0.17186855492919018
452,0,"['josé', 'maría', 'olazábal', 'ryder', 'cup', 'captaincy', 'confirm', 'next', 'month']",0.28125,0.0,0.0,0.0,0.0,0.39999999999999997,0.3515838477886853,0.24996562628901417
453,0,"['ignorant', 'speculator', 'believe', 'blackburn', 'play', 'like', 'barcelona', 'paul', 'hayward']",0.34375,0.0,0.0,0.0,0.0,0.5333333333333332,0.46987725360359694,0.34373710985838035
454,0,"['bp', 'eric', 'holder', 'deepwater', 'suit', 'kate', 'sheppard']",0.21875,0.0,0.0,0.0,0.0,0.39999999999999997,0.34337183917185937,0.17186855492919018
455,0,"['housing', 'association', 'adapt', 'localism', 'agenda']",0.25,1.0,0.0,0.0,1.0,0.5333333333333332,0.3542151604088654,0.6874742197167607
456,0,"['blackburn', 'chairman', 'john', 'williams', 'call', 'solidarity', 'supporter']",0.21875,0.0,0.0,0.0,0.0,0.4666666666666666,0.5983922969045932,0.3055135432421285
457,0,"['sale', 'charlie', 'hodgson', 'insist', 'yet', 'decide', 'future']",0.28125,0.0,0.0,0.0,0.0,0.26666666666666666,0.272731215753177,0.49993125257802834
458,0,"['fausto', 'sarli', 'obituary']",0.03125,0.0,0.0,0.0,0.0,0.3333333333333333,0.5180649731808522,0.0
459,0,"['investment', 'banker', 'blame', 'drive', 'price', 'turkey']",0.25,0.0,0.0,0.0,0.0,0.4666666666666666,0.3542151604088654,0.5499793757734086
460,0,"['twitter', '200m', 'fundraise', 'raise', 'hope', 'stock', 'market', 'flotation', 'next', 'year']",0.28125,0.0,0.0,0.0,0.0,0.5333333333333332,0.4435930429250942,0.12498281314450709
461,0,"['motherwell', 'mount', 'strong', 'defence', 'steve', 'jennings', 'furore']",0.25,0.0,0.0,0.0,0.0,0.4666666666666666,0.4409617303049141,0.2749896878867043
462,0,"['boris', 'tishchenko', 'obituary']",0.03125,0.0,0.0,0.0,0.0,0.4666666666666666,0.7108447670131708,0.0
463,0,"['juventus', 'v', 'manchester', 'city', 'live', 'paul', 'doyle']",0.21875,0.0,1.0,0.0,0.0,0.4666666666666666,0.2710830309251521,0.0
464,0,"['la', 'noire', 'new', 'trailer', 'launch']",0.1875,0.0,0.0,0.0,0.0,0.3333333333333333,0.2168664247401217,0.17186855492919018
465,0,"['eric', 'hawkins', 'obituary']",0.03125,0.0,0.0,0.0,0.0,0.3333333333333333,0.5180649731808522,0.0
466,0,"['munster', 'paul', 'ban', 'four', 'week', 'free', 'six', 'nations']",0.3125,0.0,0.0,0.0,0.0,0.3333333333333333,0.3011985484407304,0.34373710985838035
467,0,"['guardian', 'camera', 'club', 'nick', 'barron', 'food', 'photography']",0.1875,0.0,0.0,0.0,0.0,0.5333333333333332,0.4156606474185666,0.17186855492919018
468,0,"['leslie', 'gennery', 'obituary']",0.03125,0.0,0.0,0.0,0.0,0.3333333333333333,0.6144548700970114,0.0
469,0,"['new', 'band', 'day', '932', 'james', 'vincent', 'mcmorrow']",0.28125,0.0,0.0,0.0,0.0,0.3333333333333333,0.14129570459901392,0.3749484394335213
470,0,"['ashes', '2010', 'stuart', 'broad', 'know', 'make', 'test', 'match', 'special', 'barney', 'ronay']",0.4375,0.0,0.0,0.0,0.0,0.26666666666666666,0.22890974019402316,0.36669874879692016
471,0,"['cloud', 'bskyb', 'judgment']",0.0625,1.0,0.0,0.0,1.0,0.3333333333333333,0.5060216577269505,0.34373710985838035
472,0,"['colin', 'firth', 'lead', 'british', 'invasion', 'screen', 'actors', 'guild', 'nomination']",0.25,0.0,0.0,0.0,0.0,0.5333333333333332,0.46987725360359694,0.13749484394335215
473,0,"['lucile', 'denney', 'obituary']",0.03125,0.0,0.0,0.0,0.0,0.3333333333333333,0.5662671505197563,0.0
474,0,"['bp', 'fall', 'back', 'us', 'lawsuit', 'broker', 'pitch', 'possible', 'exxon', 'bid']",0.3125,0.0,0.0,0.0,0.0,0.3333333333333333,0.2530108288634753,0.229203904853568
475,0,"['skins', 'series', '5', 'new', 'cast', 'reveal']",0.15625,0.0,0.0,0.0,0.0,0.3333333333333333,0.22202784564893657,0.1964801319950502
476,0,"['sam', 'coniff', 'nhs', 'could', 'learn', 'grameen', 'eye', 'hospital']",0.3125,0.0,0.0,0.0,0.0,0.3333333333333333,0.2530108288634753,0.45827031486319264
477,0,"['muscular', 'parliament', 'would', 'make', 'good', 'lawmaking', 'joshua', 'rozenberg']",0.28125,0.0,0.0,0.0,0.0,0.4666666666666666,0.5277083002009628,0.2749896878867043
478,0,"['electricity', 'market', 'reform', 'two', 'cheer', 'damian', 'carrington']",0.1875,0.0,0.0,0.0,0.0,0.5333333333333332,0.6144548700970114,0.0
479,0,"['today', 'mystery', 'bird', 'identify']",0.15625,0.0,0.0,0.0,0.0,0.3333333333333333,0.28399381207801394,0.5893029011412072
480,0,"['want', 'protest', 'prepare', 'kettled', 'phil', 'shiner']",0.3125,0.0,0.0,0.0,0.0,0.26666666666666666,0.2070062312952708,0.6249140657225355
481,0,"['crucial', 'role', 'city', 'play', 'protect', 'honeybee', 'rosie', 'boycott']",0.34375,0.0,0.0,0.0,0.0,0.4666666666666666,0.3494007257796347,0.45827031486319264
482,0,"['mortgage', 'rescue', 'scheme', 'need', 'support']",0.1875,0.0,0.0,0.0,1.0,0.3333333333333333,0.34337183917185937,0.5156056647875705
483,0,"['greece', 'recover', 'debt', 'restructure', 'say', 'economist']",0.28125,0.0,0.0,0.0,0.0,0.6000000000000001,0.338441742449434,0.6249140657225355
484,0,"['politics', 'weekly', 'podcast', '2010', 'review']",0.125,0.0,0.0,0.0,0.0,0.3333333333333333,0.3975884453568898,0.229203904853568
485,0,"['death', 'afghan', 'surge', 'james', 'denselow']",0.1875,0.0,0.0,0.0,0.0,0.3333333333333333,0.3046394957132736,0.3928227691461571
486,0,"['paris', 'introduce', 'electric', 'car', 'scheme']",0.15625,0.0,0.0,0.0,0.0,0.5333333333333332,0.5111830786357656,0.1964801319950502
487,0,"['prize', 'budgie', 'owner', 'heartfelt', 'plea', 'return', 'steal', 'bird']",0.28125,0.0,0.0,0.0,0.0,0.39999999999999997,0.31215753177093114,0.3749484394335213
488,0,"['carlito', 'way', 'paul', 'doyle', 'fiver']",0.1875,0.0,0.0,0.0,0.0,0.3333333333333333,0.27711191753292747,0.229203904853568
489,0,"['football', 'weekly', 'extra', 'bye', 'big', 'sam']",0.125,0.0,0.0,0.0,0.0,0.3333333333333333,0.27711191753292747,0.0
490,0,"['24', 'hour', 'picture']",0.0625,0.0,0.0,1.0,0.0,0.3333333333333333,0.2168664247401217,0.34373710985838035
491,0,"['tips', 'top', 'writer', 'income']",0.15625,0.0,0.0,0.0,0.0,0.26666666666666666,0.22202784564893657,0.5893029011412072
492,0,"['jon', 'favreau', 'cast', 'iron', 'man', '3', 'marvel', 'aside', 'disney']",0.34375,1.0,0.0,0.0,1.0,0.26666666666666666,0.21409053450344823,0.4230716348136945
493,0,"['matt', 'lucas', 'win', 'payout', 'intrusive', 'daily', 'mail', 'article']",0.25,0.0,0.0,0.0,0.0,0.39999999999999997,0.3975884453568898,0.13749484394335215
494,0,"['audio', 'advent', 'calendar', 'download', 'rustie', 'hyperthrust']",0.125,0.0,0.0,0.0,0.0,0.5333333333333332,0.6867436783437186,0.0
495,0,"['gaddafi', 'son', 'retreat', 'human', 'right', 'libya']",0.1875,0.0,0.0,0.0,0.0,0.3333333333333333,0.30722743504850575,0.34373710985838035
496,0,"['julian', 'assange', 'grant', 'bail', 'high', 'court']",0.15625,0.0,0.0,0.0,0.0,0.26666666666666666,0.32529963711018256,0.1964801319950502
497,0,"['diary', 'social', 'entrepreneur', 'getting', 'business']",0.25,0.0,0.0,0.0,0.0,0.6000000000000001,0.3831306837075484,0.5499793757734086
498,0,"['terrence', 'malick', 'back', 'top', 'tree', 'life']",0.28125,1.0,0.0,0.0,0.0,0.3333333333333333,0.15443780993826534,0.6249140657225355
499,0,"['us', 'embassy', 'cable', 'could', 'ail', 'fidel', 'castro', 'make', 'comeback', 'cuba']",0.3125,1.0,0.0,0.0,0.0,0.3333333333333333,0.27711191753292747,0.229203904853568
500,0,"['scottish', 'equitable', 'order', 'pay', 'compensation', 'system', 'control', 'failing']",0.34375,0.0,0.0,0.0,0.0,0.6000000000000001,0.48099527231194056,0.31733809982125677
501,0,"['wikileaks', 'first', 'amendment', 'dan', 'kennedy']",0.1875,0.0,0.0,0.0,0.0,0.39999999999999997,0.40791128717451947,0.3928227691461571
502,0,"['albums', '2010', '02', 'kanye', 'west', 'beautiful', 'dark', 'twisted', 'fantasy']",0.34375,0.0,0.0,0.0,0.0,0.39999999999999997,0.21409053450344823,0.31733809982125677
503,0,"['savannah', 'marshall', '100', 'hopeful', '2012']",0.15625,0.0,0.0,0.0,0.0,0.3333333333333333,0.42168953402634185,0.229203904853568
504,0,"['police', 'sorry', 'question', 'schoolboy', 'protest', 'david', 'cameron', 'office']",0.28125,0.0,0.0,0.0,0.0,0.5333333333333332,0.46987725360359694,0.3749484394335213
505,0,"['rumney', 'resident', 'turkey', 'dinner']",0.09375,0.0,0.0,0.0,0.0,0.39999999999999997,0.4987927769022799,0.2749896878867043
506,0,"['danish', 'police', 'order', 'compensate', 'climate', 'protester']",0.15625,0.0,0.0,0.0,0.0,0.4666666666666666,0.5937947287001026,0.1964801319950502
507,0,"['grace', 'mugabe', 'sue', 'zimbabwe', 'newspaper', 'wikileaks', 'diamond', 'story']",0.21875,0.0,0.0,0.0,0.0,0.39999999999999997,0.5180649731808522,0.15275677162106424
508,0,"['tv', 'rating', '15', 'december', 'apprentice', 'baggs', 'nearly', '8m', 'viewer']",0.28125,0.0,0.0,0.0,0.0,0.4666666666666666,0.3542151604088654,0.13749484394335215
509,0,"['eyewitness', 'joyeux', 'noël']",0.03125,0.0,0.0,0.0,0.0,0.4666666666666666,0.5662671505197563,0.0
510,0,"['season', 'reading', 'oxen', 'thomas', 'hardy']",0.15625,0.0,0.0,0.0,0.0,0.3333333333333333,0.32529963711018256,0.3928227691461571
511,0,"['reality', 'suck', 'multiplex']",0.09375,0.0,0.0,0.0,0.0,0.39999999999999997,0.3542151604088654,0.5499793757734086
512,0,"['sport', 'england', 'warn', 'cut', 'sport', 'fail', 'increase', 'participation']",0.28125,0.0,0.0,0.0,0.0,0.6666666666666667,0.3647259531279367,0.3749484394335213
513,0,"['apple', 'launch', 'new', 'mac', 'app', 'store', 'next', 'month']",0.25,0.0,0.0,0.0,0.0,0.2,0.16626425896742664,0.2749896878867043
514,0,"['switching', 'jquery']",0.0625,0.0,0.0,0.0,0.0,0.6000000000000001,0.650599274220365,0.34373710985838035
515,0,"['britons', 'illegal', 'track', 'year']",0.15625,0.0,0.0,0.0,0.0,0.4666666666666666,0.46987725360359694,0.1964801319950502
516,0,"['high', 'court', 'grant', 'bail', 'julian', 'assange']",0.15625,0.0,0.0,0.0,0.0,0.26666666666666666,0.3046394957132736,0.1964801319950502
517,0,"['wikileaks', 'cable', 'fidel', 'castro', 'almost', 'die', '2006']",0.1875,0.0,0.0,0.0,0.0,0.39999999999999997,0.3614440412335362,0.17186855492919018
518,0,"['chris', 'huhne', 'unveils', 'plan', 'reform', 'uk', 'energy', 'market']",0.25,0.0,0.0,0.0,0.0,0.26666666666666666,0.28192635216215817,0.2749896878867043
519,0,"['giovanni', 'bellini', 'leonardo', 'equal']",0.0625,0.0,0.0,0.0,0.0,0.39999999999999997,0.650599274220365,0.0
520,0,"['make', 'great', 'doctor', 'christmas', 'special']",0.1875,1.0,0.0,0.0,1.0,0.39999999999999997,0.32529963711018256,0.5156056647875705
521,0,"['muslim', 'festival', 'ashura']",0.09375,0.0,0.0,0.0,0.0,0.3333333333333333,0.4120462070062311,0.2749896878867043
522,0,"['redefine', 'welfare', 'debate', 'society', 'pay', 'price', 'jon', 'cruddas']",0.3125,0.0,0.0,0.0,0.0,0.3333333333333333,0.32529963711018256,0.3749484394335213
523,0,"['catfish', 'review']",0.03125,0.0,0.0,0.0,0.0,0.26666666666666666,0.27711191753292747,0.0
524,0,"['gallery', 'history', 'dan', 'dare', 'pilot', 'future']",0.25,0.0,0.0,0.0,0.0,0.26666666666666666,0.20963754391545103,0.5499793757734086
525,0,"['noises', 'art', 'protest']",0.125,0.0,0.0,0.0,0.0,0.26666666666666666,0.18072202061676806,0.6874742197167607
526,0,"['bfi', 'cut', '37', 'job', 'close', 'gallery']",0.1875,0.0,0.0,0.0,0.0,0.26666666666666666,0.12650541443173763,0.34373710985838035
527,0,"['liberal', 'democrat', 'mp', 'wife', 'face', 'trial', 'kitten', 'theft']",0.21875,0.0,0.0,0.0,0.0,0.3333333333333333,0.3413622103026009,0.15275677162106424
528,0,"['another', 'jimi', 'hendrix', 'film', 'project', 'disappear', 'haze']",0.21875,0.0,0.0,0.0,0.0,0.4666666666666666,0.40562696083392363,0.3055135432421285
529,0,"['ashes', '2010', 'bat', 'badly', 'horribly']",0.15625,0.0,0.0,0.0,0.0,0.39999999999999997,0.42857142857142844,0.1964801319950502
530,0,"['financial', 'crisis', 'good', 'thing', 'poor', 'worker', 'vittorio', 'longhi']",0.375,1.0,0.0,0.0,0.0,0.39999999999999997,0.30306359969349533,0.5288051698061323
531,0,"['snow', 'ice', 'mean', 'thousand', 'face', 'christmas', 'without', 'present']",0.21875,0.0,0.0,0.0,0.0,0.39999999999999997,0.4377521072187603,0.15275677162106424
532,0,"['tory', 'right', 'may', 'force', 'david', 'cameron', 'permanent', 'marriage', 'nick', 'clegg']",0.3125,0.0,0.0,0.0,0.0,0.39999999999999997,0.3614440412335362,0.229203904853568
533,0,"['irish', 'abortion', 'ban', 'violate', 'human', 'right', 'court', 'rule']",0.1875,0.0,0.0,0.0,0.0,0.3333333333333333,0.4156606474185666,0.0
534,0,"['accent', 'create', 'good', 'impression', 'mind', 'language']",0.34375,0.0,0.0,0.0,1.0,0.4666666666666666,0.27711191753292747,0.6874742197167607
535,0,"['leeds', 'face', 'another', 'million', 'winter', 'pothole', 'bill']",0.1875,0.0,0.0,0.0,0.0,0.26666666666666666,0.3614440412335362,0.0
536,0,"['lawsuit', 'bp', 'achieve', 'thomas', 'noyes']",0.25,0.0,0.0,0.0,1.0,0.26666666666666666,0.3092370639177641,0.611027086484257
537,0,"['tributes', 'pay', 'daily', 'mail', 'writer', 'lester', 'middlehurst']",0.1875,0.0,0.0,0.0,0.0,0.5333333333333332,0.43373284948024343,0.17186855492919018
538,0,"['video', 'ohio', 'lighthouse', 'frozen', 'arctic', 'wind']",0.15625,0.0,0.0,0.0,0.0,0.4666666666666666,0.38726560353926004,0.1964801319950502
539,0,"['charities', 'accuse', 'nick', 'clegg', 'detention', 'child', 'asylum', 'seeker']",0.3125,0.0,0.0,0.0,0.0,0.4666666666666666,0.46987725360359694,0.34373710985838035
540,0,"['bauer', 'kiss', 'get', 'green', 'light', 'go', 'national']",0.1875,0.0,0.0,0.0,0.0,0.3333333333333333,0.2530108288634753,0.17186855492919018
541,0,"['judi', 'dench', 'really', 'great', 'actor', 'ever', 'michael', 'billington']",0.28125,1.0,0.0,0.0,0.0,0.4666666666666666,0.3831306837075484,0.2749896878867043
542,0,"['little', 'progress', 'nhs', 'efficiency', 'saving']",0.125,0.0,0.0,0.0,0.0,0.4666666666666666,0.46987725360359694,0.229203904853568
543,0,"['huey', 'morgan', 'host', 'radio', '2', 'show']",0.15625,0.0,0.0,0.0,0.0,0.2,0.13941619558459956,0.1964801319950502
544,0,"['douglas', 'adams', 'holistic', 'detective', 'dirk', 'gently', 'arrive', 'bbc4']",0.21875,0.0,0.0,0.0,1.0,0.39999999999999997,0.4538146804111786,0.15275677162106424
545,0,"['australian', 'police', 'investigate', 'boat', 'death']",0.15625,0.0,0.0,0.0,0.0,0.6000000000000001,0.6557606951291799,0.1964801319950502
546,0,"['wikileaks', 'emperor', 'wear', 'clothes', 'john', 'pilger', 'others']",0.28125,0.0,0.0,0.0,0.0,0.39999999999999997,0.3542151604088654,0.4124845318300564
547,0,"['right', 'time', 'new', 'forth', 'road', 'bridge']",0.28125,1.0,0.0,0.0,0.0,0.2,0.11501149392051119,0.6249140657225355
548,0,"['slideshow', 'butetown', 'regeneration']",0.03125,0.0,0.0,0.0,0.0,0.6000000000000001,0.9999999999999998,0.0
549,0,"['q', 'mail', 'delivery', 'delay']",0.0625,0.0,0.0,0.0,0.0,0.3333333333333333,0.32529963711018256,0.0
550,0,"['glove', 'eminem', 'box', 'movie', 'mania']",0.28125,0.0,0.0,0.0,0.0,0.2,0.2201483366345222,0.7500343737109859
551,0,"['sacha', 'baron', 'cohen', 'could', 'play', 'racist', 'cop', 'torrente', 'hollywood', 'remake']",0.28125,0.0,0.0,0.0,0.0,0.39999999999999997,0.3647259531279367,0.12498281314450709
552,0,"['us', 'troop', 'start', 'afghan', 'withdrawal', 'next', 'year', 'say', 'white', 'house']",0.28125,0.0,0.0,0.0,0.0,0.4666666666666666,0.29901542643167983,0.12498281314450709
553,0,"['x', 'factor', 'matt', 'cardle', 'course', 'christmas', '1']",0.28125,0.0,0.0,0.0,0.0,0.39999999999999997,0.18072202061676806,0.49993125257802834
554,0,"['50', 'boy', 'make', 'little', 'progress', 'data', 'show']",0.3125,0.0,0.0,0.0,0.0,0.5333333333333332,0.3132563216562811,0.45827031486319264
555,0,"['albums', '2010', '3', 'hot', 'chip', 'one', 'life', 'stand']",0.28125,0.0,0.0,0.0,0.0,0.2,0.06242861480185635,0.24996562628901417
556,0,"['divine', 'dispatch', 'religion', 'roundup', 'riazat', 'butt']",0.1875,0.0,0.0,0.0,0.0,0.4666666666666666,0.46987725360359694,0.1964801319950502
557,0,"['purpose', 'planning']",0.0625,0.0,0.0,0.0,0.0,0.3333333333333333,0.32529963711018256,0.6874742197167607
558,0,"['guardian', 'review', 'literary', 'quiz']",0.09375,0.0,0.0,0.0,0.0,0.3333333333333333,0.4409617303049141,0.2749896878867043
559,0,"['service', 'transformation', 'stymie', 'cut']",0.21875,0.0,0.0,0.0,0.0,0.7333333333333334,0.37348735668743765,0.611027086484257
560,0,"['ten', 'top', 'uk', 'winter', 'walk', 'silverdale', 'lancashire']",0.15625,0.0,0.0,0.0,0.0,0.4666666666666666,0.40791128717451947,0.0
561,0,"['new', 'mps', 'expense', 'watchdog', 'could', 'scrap']",0.15625,0.0,0.0,0.0,0.0,0.3333333333333333,0.36660546214235107,0.1964801319950502
562,0,"['accidental', 'keyswaps', 'quick', 'question', 'ask', 'jack']",0.21875,0.0,0.0,0.0,0.0,0.4666666666666666,0.45180505154192024,0.34373710985838035
563,0,"['terms', 'condition', 'guardian', 'review', 'literary', 'quiz']",0.1875,0.0,0.0,0.0,0.0,0.4666666666666666,0.46987725360359694,0.34373710985838035
564,0,"['tuition', 'fee', 'rise', 'human', 'right', 'law']",0.15625,0.0,0.0,0.0,0.0,0.5333333333333332,0.42857142857142844,0.0
565,0,"['charitable', 'dragon', 'duncan', 'bannatyne', 'gear', 'give']",0.25,0.0,0.0,0.0,0.0,0.4666666666666666,0.3542151604088654,0.5499793757734086
566,0,"['tom', 'waits', 'enter', 'rock', 'roll', 'hall', 'fame']",0.25,0.0,0.0,0.0,0.0,0.1333333333333333,0.12289097401940224,0.4124845318300564
567,0,"['former', 'champagne', 'executive', 'wife', 'toast', 'gastropub', 'deal']",0.1875,0.0,0.0,0.0,0.0,0.39999999999999997,0.48794945566527376,0.17186855492919018
568,0,"['ratcliffe', 'defence', 'fail', 'kingsnorth', 'six', 'succeed', 'mike', 'schwarz']",0.3125,1.0,0.0,0.0,1.0,0.4666666666666666,0.4435930429250942,0.3749484394335213
569,0,"['society', 'daily']",0.03125,0.0,0.0,0.0,0.0,0.26666666666666666,0.46987725360359694,0.0
570,0,"['rand', 'paul', 'maverick', 'making', 'michael', 'tracey']",0.21875,0.0,0.0,0.0,0.0,0.3333333333333333,0.32529963711018256,0.34373710985838035
571,0,"['video', 'water', 'solution', 'halt', 'haiti', 'cholera', 'outbreak']",0.21875,0.0,0.0,0.0,0.0,0.39999999999999997,0.43373284948024343,0.17186855492919018
572,0,"['nick', 'clegg', 'detention', 'child', 'asylum', 'centre', 'end', 'may']",0.34375,0.0,0.0,0.0,0.0,0.39999999999999997,0.280813104515159,0.4230716348136945
573,0,"['careers', 'talk', 'five', 'way', 'detox', 'job', 'search', 'new', 'year']",0.34375,0.0,0.0,0.0,0.0,0.26666666666666666,0.16960400190842445,0.4230716348136945
574,0,"['ian', 'holloway', 'happy', 'beside', 'seaside', 'spread', 'wing', 'paul', 'doyle']",0.4375,1.0,0.0,0.0,0.0,0.3333333333333333,0.2578252634927059,0.5499793757734086
575,0,"['talking', 'horses', 'win', 'william', 'hill', 'ticket', 'king', 'george', 'vi', 'chase']",0.3125,0.0,0.0,0.0,0.0,0.26666666666666666,0.27711191753292747,0.229203904853568
576,0,"['look', 'come', 'leeds', 'community', 'news', 'hub']",0.28125,0.0,0.0,0.0,0.0,0.39999999999999997,0.16757991527751664,0.49993125257802834
577,0,['cribsheet'],0.0,0.0,0.0,0.0,0.0,0.39999999999999997,0.6867436783437186,0.0
578,0,"['trust', 'restore', 'cancún', 'dean', 'bialek']",0.21875,0.0,0.0,0.0,1.0,0.3333333333333333,0.2710830309251521,0.5156056647875705
579,0,"['chapters', 'christmas', 'review']",0.09375,0.0,0.0,0.0,0.0,0.39999999999999997,0.5060216577269505,0.34373710985838035
580,0,"['zai', 'bennett', 'appoint', 'bbc3', 'controller']",0.09375,0.0,0.0,0.0,0.0,0.4666666666666666,0.5566238234996457,0.0
581,0,"['jane', 'austen', 'get', 'google', 'doodle', 'tribute']",0.125,0.0,0.0,0.0,0.0,0.26666666666666666,0.3975884453568898,0.0
582,0,"['ashes', '2010', 'chris', 'tremlett', 'step', 'bags', 'role', 'england']",0.34375,0.0,0.0,0.0,0.0,0.3333333333333333,0.23632657192013523,0.4230716348136945
583,0,"['south', 'korea', 'start', 'drill', 'shelled', 'island']",0.21875,0.0,0.0,0.0,0.0,0.3333333333333333,0.32529963711018256,0.3055135432421285
584,0,"['democracy', 'must', 'treat', 'sacred', 'gordon', 'lynch']",0.21875,0.0,0.0,0.0,0.0,0.39999999999999997,0.34337183917185937,0.34373710985838035
585,0,"['yahoo', 'hack', 'techie', 'payback', 'media', 'monkey']",0.21875,1.0,0.0,0.0,0.0,0.26666666666666666,0.32529963711018256,0.34373710985838035
586,0,"['reducing', 'reoffending', 'need', 'cost', 'earth']",0.15625,0.0,0.0,0.0,0.0,0.5333333333333332,0.38726560353926004,0.3928227691461571
587,0,"['council', 'plan', 'meet', 'shortfall', 'leeds', 'primary', 'school', 'place']",0.25,0.0,0.0,0.0,0.0,0.39999999999999997,0.36867292205820684,0.2749896878867043
588,0,"['harrier', 'jump', 'jet', 'fearsome', 'fighter', 'final', 'flight']",0.21875,0.0,0.0,0.0,0.0,0.3333333333333333,0.3413622103026009,0.3055135432421285
589,0,"['scent', 'best', 'perfume', 'deal']",0.1875,0.0,0.0,0.0,0.0,0.26666666666666666,0.16264981855509125,0.6874742197167607
590,0,"['make', 'building', 'energy', 'efficient']",0.15625,0.0,0.0,0.0,1.0,0.39999999999999997,0.36660546214235107,0.5893029011412072
591,0,"['buying', 'solutions', 'plan', 'software', 'contract']",0.125,0.0,0.0,0.0,0.0,0.39999999999999997,0.5662671505197563,0.0
592,0,"['clashes', 'break', 'general', 'strike', 'cripple', 'athens']",0.1875,0.0,0.0,0.0,0.0,0.3333333333333333,0.3975884453568898,0.34373710985838035
593,0,"['video', 'europa', 'league', 'review', 'liverpool', 'utrecht']",0.15625,0.0,0.0,0.0,0.0,0.39999999999999997,0.4492171122066881,0.0
594,0,"['humanist', 'wedding', 'appearance', 'rupert', 'morris']",0.1875,0.0,0.0,0.0,0.0,0.5333333333333332,0.6144548700970114,0.1964801319950502
595,0,"['david', 'haye', 'hop', 'secure', 'fight', 'wladimir', 'klitschko', 'soon']",0.28125,0.0,0.0,0.0,0.0,0.39999999999999997,0.3647259531279367,0.24996562628901417
596,0,"['public', 'services', 'summit', '2011', 'straw']",0.125,0.0,0.0,0.0,0.0,0.3333333333333333,0.3975884453568898,0.229203904853568
597,0,"['five', 'minute', 'jake', 'backus']",0.125,0.0,0.0,0.0,0.0,0.26666666666666666,0.22890974019402316,0.229203904853568
598,0,"['heavy', 'snow', 'expect', 'hit', 'north', 'west']",0.1875,0.0,0.0,0.0,0.0,0.3333333333333333,0.2168664247401217,0.34373710985838035
599,0,"['ashes', '2010', 'chris', 'tremlett', 'delight', 'impact', 'england', 'return']",0.28125,0.0,0.0,0.0,0.0,0.39999999999999997,0.3515838477886853,0.3749484394335213
